Date,Contest number,Word,Reported,Hard,1 try,2 tries,3 tries,4 tries,5 tries,6 tries,X,a,b,c,d,e,f,g,h,i,j,k,l,m,n,o,p,q,r,s,t,u,v,w,x,y,z,Length,vowel,consonants,vowel_rate,word_vc_structure,max_repeat,familiarity,percentage,percentage_scalar,vowel_rate_scalar,max_repeat_scalar
2022-12-31,560.0,manly,20380.0,1899.0,0.0,2.0,17.0,37.0,29.0,12.0,2.0,1,0,0,0,0,0,0,0,0,0,0,1,1,1,0,0,0,0,0,0,0,0,0,0,1,0,5,1,4,0.2,0,1,0.0358136304676079,0.09317958783120707,0.08712259897902673,0.33333333333333337,0.0
2022-12-30,559.0,molar,21204.0,1973.0,0.0,4.0,21.0,38.0,26.0,9.0,1.0,1,0,0,0,0,0,0,0,0,0,0,1,1,0,1,0,0,1,0,0,0,0,0,0,0,0,5,2,3,0.4,1,1,0.0158621161244187,0.09304848141860027,0.08698062200618929,0.6666666666666667,0.0
2022-12-29,558.0,havoc,20001.0,1919.0,0.0,2.0,16.0,38.0,30.0,12.0,2.0,1,0,1,0,0,0,0,1,0,0,0,0,0,0,1,0,0,0,0,0,0,1,0,0,0,0,5,2,3,0.4,1,1,0.0115699196825094,0.09594520273986301,0.0901175221483661,0.6666666666666667,0.0
2022-12-28,557.0,impel,20160.0,1937.0,0.0,3.0,21.0,40.0,25.0,9.0,1.0,0,0,0,0,1,0,0,0,1,0,0,1,1,0,0,1,0,0,0,0,0,0,0,0,0,0,5,2,3,0.4,4,1,0.0040773415460678,0.09608134920634921,0.09026495706623085,0.6666666666666667,0.0
2022-12-27,556.0,condo,20879.0,2012.0,0.0,2.0,17.0,35.0,29.0,14.0,3.0,0,0,1,1,0,0,0,0,0,0,0,0,0,1,2,0,0,0,0,0,0,0,0,0,0,0,5,2,3,0.4,2,2,0.0011407409594033,0.09636476842760669,0.09057187571557841,0.6666666666666667,0.5
2022-12-26,555.0,judge,20011.0,2043.0,0.0,2.0,8.0,16.0,26.0,33.0,14.0,0,0,0,1,1,0,1,0,0,1,0,0,0,0,0,0,0,0,0,0,1,0,0,0,0,0,5,2,3,0.4,2,1,0.4301430931691988,0.10209384838338914,0.09677597674384099,0.6666666666666667,0.0
2022-12-25,554.0,extra,15554.0,1562.0,1.0,5.0,20.0,35.0,28.0,10.0,1.0,1,0,0,0,1,0,0,0,0,0,0,0,0,0,0,0,0,1,0,1,0,0,0,1,0,0,5,2,3,0.4,0,1,0.1837301003454659,0.10042432814710042,0.09496802986674956,0.6666666666666667,0.0
2022-12-24,553.0,poise,20281.0,1911.0,2.0,11.0,34.0,32.0,15.0,6.0,1.0,0,0,0,0,1,0,0,0,1,0,0,0,0,0,1,1,0,0,1,0,0,0,0,0,0,0,5,3,2,0.6,0,1,0.0054102527142645,0.09422612297224003,0.08825590655977401,1.0,0.0
2022-12-23,552.0,aorta,21937.0,2112.0,0.0,7.0,26.0,35.0,20.0,10.0,3.0,2,0,0,0,0,0,0,0,0,0,0,0,0,0,1,0,0,1,0,1,0,0,0,0,0,0,5,3,2,0.6,0,2,0.0145273835226407,0.09627569859142089,0.09047542074086476,1.0,0.5
2022-12-22,551.0,excel,20490.0,2034.0,0.0,1.0,13.0,34.0,34.0,15.0,2.0,0,0,1,0,2,0,0,0,0,0,0,1,0,0,0,0,0,0,0,0,0,0,0,1,0,0,5,2,3,0.4,4,2,0.0178644549797931,0.0992679355783309,0.09371575613687483,0.6666666666666667,0.5
2022-12-21,550.0,lunar,22180.0,2036.0,0.0,5.0,32.0,40.0,17.0,4.0,0.0,1,0,0,0,0,0,0,0,0,0,0,1,0,1,0,0,0,1,0,0,1,0,0,0,0,0,5,2,3,0.4,1,1,0.0196975285699989,0.09179440937781785,0.08562256980622293,0.6666666666666667,0.0
2022-12-20,549.0,third,24137.0,2261.0,1.0,10.0,47.0,32.0,9.0,2.0,0.0,0,0,0,1,0,0,0,1,1,0,0,0,0,0,0,0,0,1,0,1,0,0,0,0,0,0,5,1,4,0.2,0,1,1.0,0.09367361312507769,0.08765758589792928,0.33333333333333337,0.0
2022-12-19,548.0,slate,26010.0,2422.0,6.0,14.0,33.0,27.0,13.0,5.0,1.0,1,0,0,0,1,0,0,0,0,0,0,1,0,0,0,0,0,0,1,1,0,0,0,0,0,0,5,2,3,0.4,0,1,0.0432369461323672,0.09311803152633602,0.08705593879322132,0.6666666666666667,0.0
2022-12-18,547.0,taper,22166.0,2108.0,0.0,8.0,28.0,30.0,20.0,11.0,3.0,1,0,0,0,1,0,0,0,0,0,0,0,0,0,0,1,0,1,0,1,0,0,0,0,0,0,5,2,3,0.4,1,1,0.0146558118434303,0.09510060452945954,0.08920289490174439,0.6666666666666667,0.0
2022-12-17,546.0,chord,22336.0,2088.0,0.0,7.0,39.0,38.0,13.0,3.0,0.0,0,0,1,1,0,0,0,1,0,0,0,0,0,0,1,0,0,1,0,0,0,0,0,0,0,0,5,1,4,0.2,0,1,0.0234701636731786,0.09348137535816618,0.0874494089242142,0.33333333333333337,0.0
2022-12-15,544.0,rival,22176.0,2127.0,0.0,7.0,27.0,35.0,22.0,8.0,1.0,1,0,0,0,0,0,0,0,1,0,0,1,0,0,0,0,0,1,0,0,0,1,0,0,0,0,5,2,3,0.4,1,1,0.0802281662593277,0.09591450216450216,0.0900842760647655,0.6666666666666667,0.0
2022-12-14,543.0,usual,20824.0,2048.0,0.0,3.0,20.0,39.0,27.0,10.0,1.0,1,0,0,0,0,0,0,0,0,0,0,1,0,0,0,0,0,0,1,0,2,0,0,0,0,0,5,3,2,0.6,0,2,0.4674012960977415,0.09834805993084902,0.09271960989795634,1.0,0.5
2022-12-13,542.0,spoke,24101.0,2224.0,0.0,6.0,31.0,38.0,19.0,5.0,0.0,0,0,0,0,1,0,0,0,0,0,1,0,0,0,1,1,0,0,1,0,0,0,0,0,0,0,5,2,3,0.4,0,1,0.26118036735925,0.09227832870005394,0.08614661282671712,0.6666666666666667,0.0
2022-12-12,541.0,apply,22873.0,2150.0,0.0,5.0,28.0,38.0,22.0,7.0,1.0,1,0,0,0,0,0,0,0,0,0,0,1,0,0,0,2,0,0,0,0,0,0,0,0,1,0,5,1,4,0.2,0,2,0.4290501650999777,0.09399728938049229,0.08800809945412692,0.33333333333333337,0.5
2022-12-11,540.0,na√Øve,21947.0,2075.0,1.0,7.0,24.0,32.0,24.0,11.0,1.0,1,0,0,0,1,0,0,0,0,0,0,0,0,1,0,0,0,0,0,0,0,1,0,0,0,0,5,2,3,0.4,0,1,0.0021390085640849,0.0945459516106985,0.08860225347761118,0.6666666666666667,0.0
2022-12-10,539.0,knock,21157.0,2041.0,0.0,3.0,18.0,43.0,27.0,8.0,1.0,0,0,1,0,0,0,0,0,0,0,2,0,0,1,1,0,0,0,0,0,0,0,0,0,0,0,5,1,4,0.2,0,2,0.0286040960880044,0.09646925367490665,0.09068502425517204,0.33333333333333337,0.5
2022-12-09,538.0,braid,23640.0,2165.0,0.0,10.0,36.0,35.0,14.0,3.0,0.0,1,1,0,1,0,0,0,0,1,0,0,0,0,0,0,0,0,1,0,0,0,0,0,0,0,0,5,2,3,0.4,0,1,0.0057169369185337,0.09158206429780034,0.08539261834116205,0.6666666666666667,0.0
2022-12-08,537.0,infer,21199.0,1863.0,0.0,3.0,19.0,33.0,26.0,14.0,3.0,0,0,0,0,1,1,0,0,1,0,0,0,0,1,0,0,0,1,0,0,0,0,0,0,0,0,5,2,3,0.4,4,1,0.0415062045414882,0.08788150384452097,0.08138522952995059,0.6666666666666667,0.0
2022-12-07,536.0,joust,24899.0,2388.0,0.0,6.0,29.0,34.0,21.0,8.0,2.0,0,0,0,0,0,0,0,0,0,1,0,0,0,0,1,0,0,0,1,1,1,0,0,0,0,0,5,2,3,0.4,0,1,0.0007740025054769,0.09590746616329973,0.09007665668039108,0.6666666666666667,0.0
2022-12-06,535.0,amber,23509.0,2261.0,0.0,6.0,22.0,33.0,24.0,12.0,3.0,1,1,0,0,1,0,0,0,0,0,0,0,1,0,0,0,0,1,0,0,0,0,0,0,0,0,5,2,3,0.4,4,1,0.015376934949523,0.09617593262154919,0.09036738277298094,0.6666666666666667,0.0
2022-12-05,534.0,woken,23153.0,2200.0,0.0,2.0,10.0,25.0,36.0,23.0,4.0,0,0,0,0,1,0,0,0,0,0,1,0,0,1,1,0,0,0,0,0,0,0,1,0,0,0,5,2,3,0.4,1,1,0.0013131295198332,0.09502008379043753,0.08911569786424124,0.6666666666666667,0.0
2022-12-04,533.0,adore,25577.0,2398.0,2.0,17.0,32.0,29.0,15.0,5.0,1.0,1,0,0,1,1,0,0,0,0,0,0,0,0,0,1,0,0,1,0,0,0,0,0,0,0,0,5,3,2,0.6,3,1,0.0163173203215613,0.09375610900418345,0.08774692184232834,1.0,0.0
2022-12-03,532.0,torso,23873.0,2260.0,0.0,4.0,35.0,36.0,17.0,6.0,1.0,0,0,0,0,0,0,0,0,0,0,0,0,0,0,2,0,0,1,1,1,0,0,0,0,0,0,5,2,3,0.4,2,2,0.0039152124098603,0.09466761613538306,0.08873400569760538,0.6666666666666667,0.5
2022-12-02,531.0,chafe,24646.0,2343.0,0.0,6.0,30.0,33.0,19.0,9.0,2.0,1,0,1,0,1,1,0,1,0,0,0,0,0,0,0,0,0,0,0,0,0,0,0,0,0,0,5,2,3,0.4,0,1,0.0018040922511445,0.09506613649273715,0.08916556898140082,0.6666666666666667,0.0
2022-12-01,530.0,eject,22628.0,2200.0,0.0,2.0,11.0,35.0,36.0,14.0,2.0,0,0,1,0,2,0,0,0,0,1,0,0,0,0,0,0,0,0,0,1,0,0,0,0,0,0,5,2,3,0.4,0,2,0.004146755436868,0.0972246773908432,0.09150308319115975,0.6666666666666667,0.5
2022-11-30,529.0,study,2569.0,2405.0,0.0,6.0,30.0,33.0,19.0,10.0,2.0,0,0,0,1,0,0,0,0,0,0,0,0,0,0,0,0,0,0,1,1,1,0,0,0,1,0,5,1,4,0.2,0,1,0.0,0.9361619307123394,0.9999999999999999,0.33333333333333337,0.0
2022-11-29,528.0,undue,23739.0,2316.0,0.0,3.0,19.0,35.0,29.0,13.0,2.0,0,0,0,1,1,0,0,0,0,0,0,0,0,1,0,0,0,0,0,0,2,0,0,0,0,0,5,3,2,0.6,0,2,0.0,0.0975609756097561,0.09186726524863907,1.0,0.5
2022-11-28,527.0,tepid,26051.0,2484.0,0.0,10.0,38.0,35.0,13.0,3.0,0.0,0,0,0,1,1,0,0,0,1,0,0,0,0,0,0,1,0,0,0,1,0,0,0,0,0,0,5,2,3,0.4,1,1,0.0,0.09535142604890408,0.08947451304265124,0.6666666666666667,0.0
2022-11-27,526.0,happy,25206.0,2356.0,0.0,6.0,28.0,39.0,19.0,6.0,1.0,1,0,0,0,0,0,0,1,0,0,0,0,0,0,0,2,0,0,0,0,0,0,0,0,1,0,5,1,4,0.2,0,2,0.0,0.09346980877568833,0.08743688330984013,0.33333333333333337,0.5
2022-11-25,524.0,itchy,24197.0,2329.0,0.0,8.0,28.0,40.0,18.0,5.0,1.0,0,0,1,0,0,0,0,1,1,0,0,0,0,0,0,0,0,0,0,1,0,0,0,0,1,0,5,1,4,0.2,0,1,0.0,0.09625160143819482,0.09044932559569975,0.33333333333333337,0.0
2022-11-24,523.0,feast,27705.0,2725.0,5.0,13.0,25.0,27.0,19.0,10.0,2.0,1,0,0,0,1,1,0,0,0,0,0,0,0,0,0,0,0,0,1,1,0,0,0,0,0,0,5,2,3,0.4,0,1,0.0,0.09835769716657643,0.09273004619567735,0.6666666666666667,0.0
2022-11-23,522.0,drive,26663.0,2451.0,1.0,12.0,32.0,30.0,18.0,6.0,1.0,0,0,0,1,1,0,0,0,1,0,0,0,0,0,0,0,0,1,0,0,0,1,0,0,0,0,5,2,3,0.4,0,1,0.0,0.09192513970670967,0.08576413951273125,0.6666666666666667,0.0
2022-11-22,521.0,prime,27437.0,2534.0,1.0,10.0,26.0,32.0,21.0,9.0,1.0,0,0,0,0,1,0,0,0,1,0,0,0,1,0,0,1,0,1,0,0,0,0,0,0,0,0,5,2,3,0.4,0,1,0.0,0.09235703611910923,0.08623184619459846,0.6666666666666667,0.0
2022-11-21,520.0,axiom,24288.0,2382.0,0.0,5.0,19.0,33.0,27.0,13.0,3.0,1,0,0,0,0,0,0,0,1,0,0,0,1,0,1,0,0,0,0,0,0,0,0,1,0,0,5,3,2,0.6,0,1,0.0,0.09807312252964427,0.09242187633049223,1.0,0.0
2022-11-20,519.0,brave,24991.0,2396.0,1.0,6.0,17.0,27.0,27.0,18.0,5.0,1,1,0,0,1,0,0,0,0,0,0,0,0,0,0,0,0,1,0,0,0,1,0,0,0,0,5,2,3,0.4,0,1,0.0,0.09587451482533713,0.09004097321440453,0.6666666666666667,0.0
2022-11-19,518.0,avert,24749.0,2400.0,0.0,7.0,26.0,35.0,22.0,9.0,1.0,1,0,0,0,1,0,0,0,0,0,0,0,0,0,0,0,0,1,0,1,0,1,0,0,0,0,5,2,3,0.4,0,1,0.0,0.09697361509555942,0.09123120431071999,0.6666666666666667,0.0
2022-11-18,517.0,glyph,29208.0,2899.0,0.0,2.0,23.0,49.0,20.0,5.0,1.0,0,0,0,0,0,0,1,1,0,0,0,1,0,0,0,1,0,0,0,0,0,0,0,0,1,0,5,0,5,0.0,0,1,0.0,0.09925362914270063,0.09370026349709853,0.0,0.0
2022-11-17,516.0,there,27465.0,2530.0,0.0,14.0,35.0,33.0,14.0,4.0,0.0,0,0,0,0,2,0,0,1,0,0,0,0,0,0,0,0,0,1,0,1,0,0,0,0,0,0,5,2,3,0.4,0,2,0.0,0.09211724012379392,0.08597216774839223,0.6666666666666667,0.5
2022-11-16,515.0,baker,25576.0,2541.0,0.0,5.0,16.0,23.0,24.0,22.0,10.0,1,1,0,0,1,0,0,0,0,0,1,0,0,0,0,0,0,1,0,0,0,0,0,0,0,0,5,2,3,0.4,1,1,0.0,0.09935095401939319,0.09380565797094496,0.6666666666666667,0.0
2022-11-15,514.0,snarl,27475.0,2650.0,0.0,5.0,21.0,31.0,24.0,15.0,4.0,1,0,0,0,0,0,0,0,0,0,0,1,0,1,0,0,0,1,1,0,0,0,0,0,0,0,5,1,4,0.2,0,1,0.0,0.09645131938125569,0.09066560295706835,0.33333333333333337,0.0
2022-11-14,513.0,maple,26536.0,2467.0,1.0,6.0,26.0,36.0,21.0,8.0,1.0,1,0,0,0,1,0,0,0,0,0,0,1,1,0,0,1,0,0,0,0,0,0,0,0,0,0,5,2,3,0.4,2,1,0.0,0.09296804341272234,0.0868935145615681,0.6666666666666667,0.0
2022-11-13,512.0,inane,25085.0,2515.0,0.0,8.0,25.0,30.0,21.0,13.0,3.0,1,0,0,0,1,0,0,0,1,0,0,0,0,2,0,0,0,0,0,0,0,0,0,0,0,0,5,3,2,0.6,3,2,0.0,0.10025911899541559,0.09478912255951051,1.0,0.5
2022-11-12,511.0,valet,24660.0,2356.0,0.0,4.0,22.0,38.0,25.0,9.0,1.0,1,0,0,0,1,0,0,0,0,0,0,1,0,0,0,0,0,0,0,1,0,1,0,0,0,0,5,2,3,0.4,1,1,0.0,0.09553933495539335,0.08967800223270751,0.6666666666666667,0.0
2022-11-11,510.0,medal,25993.0,2438.0,0.0,5.0,25.0,38.0,23.0,8.0,1.0,1,0,0,1,1,0,0,0,0,0,0,1,1,0,0,0,0,0,0,0,0,0,0,0,0,0,5,2,3,0.4,1,1,0.0,0.09379448313007348,0.08778847772141023,0.6666666666666667,0.0
2022-11-10,509.0,unite,27467.0,2575.0,1.0,11.0,31.0,33.0,18.0,5.0,1.0,0,0,0,0,1,0,0,0,1,0,0,0,0,1,0,0,0,0,0,1,1,0,0,0,0,0,5,3,2,0.6,3,1,0.0,0.09374886227108895,0.0877390742534327,1.0,0.0
2022-11-09,508.0,rainy,28984.0,2678.0,1.0,16.0,38.0,31.0,11.0,3.0,1.0,1,0,0,0,0,0,0,0,1,0,0,0,0,1,0,0,0,1,0,0,0,0,0,0,1,0,5,2,3,0.4,0,1,0.0,0.09239580458183826,0.08627382910657347,0.6666666666666667,0.0
2022-11-08,507.0,spell,27213.0,2531.0,0.0,4.0,24.0,37.0,24.0,9.0,1.0,0,0,0,0,1,0,0,0,0,0,0,2,0,0,0,1,0,0,1,0,0,0,0,0,0,0,5,1,4,0.2,0,2,0.0,0.09300701870429574,0.08693572145139923,0.33333333333333337,0.5
2022-11-07,506.0,begin,26096.0,2439.0,0.0,6.0,26.0,36.0,23.0,7.0,1.0,0,1,0,0,1,0,1,0,1,0,0,0,0,1,0,0,0,0,0,0,0,0,0,0,0,0,5,2,3,0.4,1,1,0.0,0.09346259963212752,0.08742907642717769,0.6666666666666667,0.0
2022-11-06,505.0,stale,31068.0,3013.0,2.0,19.0,30.0,27.0,15.0,6.0,2.0,1,0,0,0,1,0,0,0,0,0,0,1,0,0,0,0,0,0,1,1,0,0,0,0,0,0,5,2,3,0.4,0,1,0.0,0.09698081627397966,0.09123900256781999,0.6666666666666667,0.0
2022-11-05,504.0,dream,29743.0,2751.0,5.0,14.0,31.0,29.0,15.0,4.0,1.0,1,0,0,1,1,0,0,0,0,0,0,0,1,0,0,0,0,1,0,0,0,0,0,0,0,0,5,2,3,0.4,0,1,0.0,0.09249235114144505,0.08637838072993266,0.6666666666666667,0.0
2022-11-04,503.0,photo,27330.0,2565.0,0.0,5.0,34.0,43.0,15.0,3.0,0.0,0,0,0,0,0,0,0,1,0,0,0,0,0,0,2,1,0,0,0,1,0,0,0,0,0,0,5,2,3,0.4,0,2,0.0,0.0938529088913282,0.08785174779763104,0.6666666666666667,0.5
2022-11-03,502.0,aloud,29554.0,2819.0,1.0,18.0,31.0,30.0,15.0,4.0,1.0,1,0,0,1,0,0,0,0,0,0,0,1,0,0,1,0,0,0,0,0,1,0,0,0,0,0,5,3,2,0.6,0,1,0.0,0.09538471949651485,0.08951056698397351,1.0,0.0
2022-11-02,501.0,inept,27670.0,2640.0,0.0,6.0,30.0,39.0,20.0,6.0,1.0,0,0,0,0,1,0,0,0,1,0,0,0,0,1,0,1,0,0,0,1,0,0,0,0,0,0,5,2,3,0.4,0,1,0.0,0.09541019154318757,0.08953815102053328,0.6666666666666667,0.0
2022-11-01,500.0,piney,27502.0,3667.0,0.0,1.0,14.0,37.0,33.0,14.0,2.0,0,0,0,0,1,0,0,0,1,0,0,0,0,1,0,1,0,0,0,0,0,0,0,0,1,0,5,2,3,0.4,1,1,0.0,0.13333575739946185,0.13060827815130682,0.6666666666666667,0.0
2022-10-31,499.0,aptly,26498.0,2572.0,0.0,3.0,26.0,41.0,23.0,7.0,1.0,1,0,0,0,0,0,0,0,0,0,0,1,0,0,0,1,0,0,0,1,0,0,0,0,1,0,5,1,4,0.2,0,1,0.0,0.09706392935315873,0.09132900688683399,0.33333333333333337,0.0
2022-10-30,498.0,waltz,24672.0,2496.0,0.0,2.0,11.0,29.0,35.0,19.0,3.0,1,0,0,0,0,0,0,0,0,0,0,1,0,0,0,0,0,0,0,1,0,0,1,0,0,1,5,1,4,0.2,0,1,0.0,0.10116731517509728,0.09577262093895628,0.33333333333333337,0.0
2022-10-29,497.0,libel,25156.0,2536.0,0.0,3.0,15.0,32.0,32.0,16.0,2.0,0,1,0,0,1,0,0,0,1,0,0,2,0,0,0,0,0,0,0,0,0,0,0,0,0,0,5,2,3,0.4,1,2,0.0,0.10081093973604707,0.09538669697822899,0.6666666666666667,0.5
2022-10-28,496.0,sneak,27905.0,2636.0,0.0,7.0,28.0,36.0,21.0,7.0,1.0,1,0,0,0,1,0,0,0,0,0,1,0,0,1,0,0,0,0,1,0,0,0,0,0,0,0,5,2,3,0.4,0,1,0.0,0.094463357821179,0.08851281150465201,0.6666666666666667,0.0
2022-10-27,495.0,carry,27609.0,2615.0,0.0,4.0,22.0,35.0,24.0,12.0,3.0,1,0,1,0,0,0,0,0,0,0,0,0,0,0,0,0,0,2,0,0,0,0,0,0,1,0,5,1,4,0.2,0,2,0.0,0.09471549132529247,0.088785850412156,0.33333333333333337,0.5
2022-10-26,494.0,flout,30063.0,2904.0,0.0,6.0,28.0,37.0,21.0,7.0,1.0,0,0,0,0,0,1,0,0,0,0,0,1,0,0,1,0,0,0,0,1,1,0,0,0,0,0,5,2,3,0.4,0,1,0.0,0.09659714599341383,0.09082352064043482,0.6666666666666667,0.0
2022-10-25,493.0,foggy,28953.0,2817.0,0.0,2.0,13.0,35.0,32.0,15.0,3.0,0,0,0,0,0,1,2,0,0,0,0,0,0,0,1,0,0,0,0,0,0,0,0,0,1,0,5,1,4,0.2,0,2,0.0,0.09729561703450419,0.09157990472613196,0.33333333333333337,0.5
2022-10-24,492.0,fault,28947.0,2768.0,0.0,7.0,27.0,35.0,22.0,8.0,1.0,1,0,0,0,0,1,0,0,0,0,0,1,0,0,0,0,0,0,0,1,1,0,0,0,0,0,5,2,3,0.4,0,1,0.0,0.09562303520226621,0.0897686424038515,0.6666666666666667,0.0
2022-10-23,491.0,mummy,29279.0,3021.0,0.0,1.0,4.0,14.0,27.0,37.0,18.0,0,0,0,0,0,0,0,0,0,0,0,0,3,0,0,0,0,0,0,0,1,0,0,0,1,0,5,1,4,0.2,0,3,0.0,0.10317975340687865,0.09795191852242047,0.33333333333333337,1.0
2022-10-22,490.0,spiel,29084.0,2810.0,0.0,7.0,32.0,36.0,19.0,6.0,1.0,0,0,0,0,1,0,0,0,1,0,0,1,0,0,0,1,0,0,1,0,0,0,0,0,0,0,5,2,3,0.4,0,1,0.0,0.09661669646541053,0.09084469212073426,0.6666666666666667,0.0
2022-10-21,489.0,grove,28637.0,2794.0,0.0,4.0,18.0,30.0,28.0,17.0,3.0,0,0,0,0,1,0,1,0,0,0,0,0,0,0,1,0,0,1,0,0,0,1,0,0,0,0,5,2,3,0.4,0,1,0.0,0.09756608583301324,0.09187279918106958,0.6666666666666667,0.0
2022-10-20,488.0,denim,28741.0,2769.0,0.0,5.0,29.0,40.0,20.0,5.0,0.0,0,0,0,1,1,0,0,0,1,0,0,0,1,1,0,0,0,0,0,0,0,0,0,0,0,0,5,2,3,0.4,1,1,0.0,0.09634320308966285,0.0905485223086885,0.6666666666666667,0.0
2022-10-19,487.0,quirk,28322.0,2794.0,0.0,3.0,23.0,39.0,24.0,9.0,2.0,0,0,0,0,0,0,0,0,1,0,1,0,0,0,0,0,1,1,0,0,1,0,0,0,0,0,5,2,3,0.4,0,1,0.0,0.09865122519596074,0.09304791181511055,0.6666666666666667,0.0
2022-10-18,486.0,exist,28612.0,2805.0,0.0,5.0,24.0,38.0,23.0,8.0,1.0,0,0,0,0,1,0,0,0,1,0,0,0,0,0,0,0,0,0,1,1,0,0,0,1,0,0,5,2,3,0.4,0,1,0.0,0.0980357891793653,0.0923814475219153,0.6666666666666667,0.0
2022-10-17,485.0,stein,31269.0,2965.0,1.0,12.0,34.0,32.0,16.0,5.0,1.0,0,0,0,0,1,0,0,0,1,0,0,0,0,1,0,0,0,0,1,1,0,0,0,0,0,0,5,2,3,0.4,0,1,0.0,0.09482234801240845,0.08890156701718328,0.6666666666666667,0.0
2022-10-16,484.0,spade,30459.0,2854.0,1.0,8.0,29.0,36.0,19.0,6.0,1.0,1,0,0,1,1,0,0,0,0,0,0,0,0,0,0,1,0,0,1,0,0,0,0,0,0,0,5,2,3,0.4,0,1,0.0,0.0936997275025444,0.08768586552351387,0.6666666666666667,0.0
2022-10-15,483.0,catch,30403.0,3123.0,0.0,7.0,18.0,20.0,15.0,16.0,23.0,1,0,2,0,0,0,0,1,0,0,0,0,0,0,0,0,0,0,0,1,0,0,0,0,0,0,5,1,4,0.2,0,2,0.0,0.10272012630332533,0.0974541818862099,0.33333333333333337,0.5
2022-10-14,482.0,floor,28906.0,2752.0,0.0,3.0,23.0,44.0,24.0,6.0,0.0,0,0,0,0,0,1,0,0,0,0,0,1,0,0,2,0,0,1,0,0,0,0,0,0,0,0,5,2,3,0.4,0,2,0.0,0.0952051477201965,0.08931610618909856,0.6666666666666667,0.5
2022-10-13,481.0,equal,27197.0,2677.0,0.0,5.0,23.0,35.0,25.0,11.0,2.0,1,0,0,0,1,0,0,0,0,0,0,1,0,0,0,0,1,0,0,0,1,0,0,0,0,0,5,3,2,0.6,0,1,0.0,0.0984299738941795,0.09280831567760159,1.0,0.0
2022-10-12,480.0,ionic,29151.0,2947.0,0.0,2.0,13.0,25.0,28.0,21.0,11.0,0,0,1,0,0,0,0,0,2,0,0,0,0,1,1,0,0,0,0,0,0,0,0,0,0,0,5,3,2,0.6,0,2,0.0,0.10109430208226133,0.09569355403679464,1.0,0.5
2022-10-11,479.0,valid,28575.0,2752.0,0.0,4.0,28.0,38.0,21.0,8.0,1.0,1,0,0,1,0,0,0,0,1,0,0,1,0,0,0,0,0,0,0,0,0,1,0,0,0,0,5,2,3,0.4,1,1,0.0,0.0963079615048119,0.09051035870222832,0.6666666666666667,0.0
2022-10-10,478.0,enjoy,26878.0,2654.0,0.0,3.0,12.0,29.0,33.0,20.0,3.0,0,0,0,0,1,0,0,0,0,1,0,0,0,1,1,0,0,0,0,0,0,0,0,0,1,0,5,2,3,0.4,4,1,0.0,0.09874246595728849,0.09314671771510528,0.6666666666666667,0.0
2022-10-09,477.0,howdy,28408.0,2668.0,0.0,2.0,13.0,32.0,32.0,17.0,4.0,0,0,0,1,0,0,0,1,0,0,0,0,0,0,1,0,0,0,0,0,0,0,1,0,1,0,5,1,4,0.2,0,1,0.0,0.09391720642072655,0.08792137649391978,0.33333333333333337,0.0
2022-10-08,476.0,vigor,26905.0,2642.0,0.0,2.0,15.0,35.0,31.0,14.0,2.0,0,0,0,0,0,0,1,0,1,0,0,0,0,0,1,0,0,1,0,0,0,1,0,0,0,0,5,2,3,0.4,1,1,0.0,0.09819736108530012,0.09255641600472322,0.6666666666666667,0.0
2022-10-07,475.0,dandy,29026.0,2840.0,0.0,2.0,11.0,23.0,29.0,24.0,11.0,1,0,0,2,0,0,0,0,0,0,0,0,0,1,0,0,0,0,0,0,0,0,0,0,1,0,5,1,4,0.2,0,2,0.0,0.09784331289189004,0.09217301225093671,0.33333333333333337,0.5
2022-10-06,474.0,sloth,32522.0,2987.0,1.0,10.0,38.0,34.0,13.0,3.0,0.0,0,0,0,0,0,0,0,1,0,0,0,1,0,0,1,0,0,0,1,1,0,0,0,0,0,0,5,1,4,0.2,0,1,0.0,0.09184551995572228,0.08567791816780616,0.33333333333333337,0.0
2022-10-05,473.0,marxh,30935.0,2885.0,0.0,9.0,30.0,35.0,19.0,6.0,1.0,1,0,0,0,0,0,0,1,0,0,0,0,1,0,0,0,0,1,0,0,0,0,0,1,0,0,5,1,4,0.2,0,1,0.0,0.09326006141910458,0.08720974495591592,0.33333333333333337,0.0
2022-10-04,472.0,bough,32014.0,3060.0,0.0,3.0,17.0,35.0,28.0,13.0,3.0,0,1,0,0,0,0,1,1,0,0,0,0,0,0,1,0,0,0,0,0,1,0,0,0,0,0,5,2,3,0.4,0,1,0.0,0.0955831823577185,0.08972548519959776,0.6666666666666667,0.0
2022-10-03,471.0,sting,32288.0,2969.0,1.0,10.0,30.0,33.0,18.0,8.0,2.0,0,0,0,0,0,0,1,0,1,0,0,0,0,1,0,0,0,0,1,1,0,0,0,0,0,0,5,1,4,0.2,0,1,0.0,0.09195366699702676,0.08579503211548,0.33333333333333337,0.0
2022-10-02,470.0,twine,30088.0,2775.0,0.0,6.0,28.0,40.0,20.0,5.0,1.0,0,0,0,0,1,0,0,0,1,0,0,0,0,1,0,0,0,0,0,1,0,0,1,0,0,0,5,2,3,0.4,0,1,0.0,0.09222946024993353,0.08609369249675462,0.6666666666666667,0.0
2022-10-01,469.0,leave,28202.0,2696.0,0.0,4.0,16.0,34.0,31.0,12.0,1.0,1,0,0,0,2,0,0,0,0,0,0,1,0,0,0,0,0,0,0,0,0,1,0,0,0,0,5,3,2,0.6,0,2,0.0,0.09559605701723282,0.089739427348939,1.0,0.5
2022-09-30,468.0,scorn,31223.0,2859.0,0.0,8.0,31.0,35.0,20.0,6.0,1.0,0,0,1,0,0,0,0,0,0,0,0,0,0,1,1,0,0,1,1,0,0,0,0,0,0,0,5,1,4,0.2,0,1,0.0,0.09156711398648432,0.08537642843937598,0.33333333333333337,0.0
2022-09-29,467.0,scald,30477.0,2829.0,0.0,4.0,23.0,36.0,24.0,11.0,2.0,1,0,1,1,0,0,0,0,0,0,0,1,0,0,0,0,0,0,1,0,0,0,0,0,0,0,5,1,4,0.2,0,1,0.0,0.09282409685992715,0.08673763282085159,0.33333333333333337,0.0
2022-09-28,466.0,usurp,31355.0,3007.0,0.0,3.0,21.0,38.0,26.0,9.0,1.0,0,0,0,0,0,0,0,0,0,0,0,0,0,0,0,1,0,1,1,0,2,0,0,0,0,0,5,2,3,0.4,0,2,0.0,0.09590177005262318,0.09007048828225767,0.6666666666666667,0.5
2022-09-27,465.0,soggy,30985.0,2888.0,0.0,2.0,18.0,38.0,28.0,11.0,2.0,0,0,0,0,0,0,2,0,0,0,0,0,0,0,1,0,0,0,1,0,0,0,0,0,1,0,5,1,4,0.2,0,2,0.0,0.09320639018880103,0.0871516236279393,0.33333333333333337,0.5
2022-09-26,464.0,brisk,31706.0,2884.0,0.0,5.0,23.0,38.0,24.0,7.0,1.0,0,1,0,0,0,0,0,0,1,0,1,0,0,0,0,0,0,1,1,0,0,0,0,0,0,0,5,1,4,0.2,0,1,0.0,0.09096070144452154,0.0847197357934049,0.33333333333333337,0.0
2022-09-25,463.0,admit,28994.0,2677.0,0.0,10.0,25.0,34.0,22.0,8.0,1.0,1,0,0,1,0,0,0,0,1,0,0,0,1,0,0,0,0,0,0,1,0,0,0,0,0,0,5,2,3,0.4,4,1,0.0,0.09232944747189073,0.08620197006162464,0.6666666666666667,0.0
2022-09-24,462.0,grate,32777.0,3077.0,1.0,14.0,29.0,28.0,16.0,8.0,3.0,1,0,0,0,1,0,1,0,0,0,0,0,0,0,0,0,0,1,0,1,0,0,0,0,0,0,5,2,3,0.4,0,1,0.0,0.0938768038563627,0.08787762399036791,0.6666666666666667,0.0
2022-09-23,461.0,glory,31509.0,2893.0,0.0,6.0,30.0,39.0,19.0,5.0,0.0,0,0,0,0,0,0,1,0,0,0,0,1,0,0,1,0,0,1,0,0,0,0,0,0,1,0,5,1,4,0.2,0,1,0.0,0.09181503697356311,0.08564490771893517,0.33333333333333337,0.0
2022-09-22,460.0,saint,34455.0,3119.0,1.0,14.0,35.0,29.0,15.0,5.0,1.0,1,0,0,0,0,0,0,0,1,0,0,0,0,1,0,0,0,0,1,1,0,0,0,0,0,0,5,2,3,0.4,0,1,0.0,0.09052387171673197,0.08424668675511744,0.6666666666666667,0.0
2022-09-21,459.0,recap,31976.0,2900.0,0.0,5.0,30.0,35.0,21.0,8.0,1.0,1,0,1,0,1,0,0,0,0,0,0,0,0,0,0,1,0,1,0,0,0,0,0,0,0,0,5,2,3,0.4,1,1,0.0,0.09069301976482362,0.08442985954851419,0.6666666666666667,0.0
2022-09-20,458.0,alike,31277.0,2843.0,0.0,6.0,20.0,33.0,27.0,12.0,2.0,1,0,0,0,1,0,0,0,1,0,1,1,0,0,0,0,0,0,0,0,0,0,0,0,0,0,5,3,2,0.6,3,1,0.0,0.09089746459059372,0.08465125571745805,1.0,0.0
2022-09-19,457.0,trice,35050.0,3430.0,0.0,5.0,24.0,25.0,18.0,17.0,11.0,0,0,1,0,1,0,0,0,1,0,0,0,0,0,0,0,0,1,0,1,0,0,0,0,0,0,5,2,3,0.4,0,1,0.0,0.0978601997146933,0.09219129922816979,0.6666666666666667,0.0
2022-09-18,456.0,stick,33102.0,3038.0,1.0,9.0,36.0,35.0,14.0,4.0,0.0,0,0,1,0,0,0,0,0,1,0,1,0,0,0,0,0,0,0,1,1,0,0,0,0,0,0,5,1,4,0.2,0,1,0.0,0.09177693190743762,0.08560364320844556,0.33333333333333337,0.0
2022-09-17,455.0,chute,33418.0,3073.0,0.0,11.0,37.0,36.0,12.0,3.0,0.0,0,0,1,0,1,0,0,1,0,0,0,0,0,0,0,0,0,0,0,1,1,0,0,0,0,0,5,2,3,0.4,0,1,0.0,0.09195643066610809,0.08579802493148564,0.6666666666666667,0.0
2022-09-16,454.0,parer,37309.0,4130.0,0.0,0.0,4.0,11.0,15.0,22.0,48.0,1,0,0,0,1,0,0,0,0,0,0,0,0,0,0,1,0,2,0,0,0,0,0,0,0,0,5,2,3,0.4,1,2,0.0,0.1106971508215176,0.10609261360609559,0.6666666666666667,0.5
2022-09-15,453.0,doubt,33344.0,3011.0,1.0,12.0,32.0,34.0,16.0,4.0,0.0,0,1,0,1,0,0,0,0,0,0,0,0,0,0,1,0,0,0,0,1,1,0,0,0,0,0,5,2,3,0.4,0,1,0.0,0.09030110364683301,0.08400544808814278,0.6666666666666667,0.0
2022-09-14,452.0,thyme,32142.0,2938.0,1.0,5.0,24.0,41.0,23.0,5.0,0.0,0,0,0,0,1,0,0,1,0,0,0,0,1,0,0,0,0,0,0,1,0,0,0,0,1,0,5,1,4,0.2,0,1,0.0,0.09140688196129675,0.08520291093221963,0.33333333333333337,0.0
2022-09-13,451.0,alpha,29497.0,2706.0,0.0,3.0,19.0,40.0,28.0,9.0,1.0,2,0,0,0,0,0,0,1,0,0,0,1,0,0,0,1,0,0,0,0,0,0,0,0,0,0,5,2,3,0.4,0,2,0.0,0.09173814286198596,0.08556163800715158,0.6666666666666667,0.5
2022-09-12,450.0,booze,29147.0,2883.0,0.0,1.0,7.0,27.0,38.0,23.0,4.0,0,1,0,0,1,0,0,0,0,0,0,0,0,0,2,0,0,0,0,0,0,0,0,0,0,1,5,3,2,0.6,0,2,0.0,0.09891240951041273,0.09333075197205794,1.0,0.5
2022-09-11,449.0,tibia,27887.0,2675.0,0.0,1.0,14.0,40.0,30.0,12.0,2.0,1,1,0,0,0,0,0,0,2,0,0,0,0,0,0,0,0,0,0,1,0,0,0,0,0,0,5,3,2,0.6,0,2,0.0,0.09592283142682971,0.0900932959397489,1.0,0.5
2022-09-10,448.0,lofty,29237.0,2777.0,0.0,4.0,19.0,34.0,27.0,13.0,3.0,0,0,0,0,0,1,0,0,0,0,0,1,0,0,1,0,0,0,0,1,0,0,0,0,1,0,5,1,4,0.2,0,1,0.0,0.09498238533365257,0.08907487367670876,0.33333333333333337,0.0
2022-09-09,447.0,theme,32172.0,2909.0,0.0,8.0,29.0,40.0,18.0,4.0,0.0,0,0,0,0,2,0,0,1,0,0,0,0,1,0,0,0,0,0,0,1,0,0,0,0,0,0,5,2,3,0.4,0,2,0.0,0.09042024120353102,0.08413446381906635,0.6666666666666667,0.5
2022-09-08,446.0,class,31962.0,3001.0,0.0,4.0,21.0,32.0,22.0,13.0,7.0,1,0,1,0,0,0,0,0,0,0,0,1,0,0,0,0,0,0,2,0,0,0,0,0,0,0,5,1,4,0.2,0,2,0.0,0.0938927476378199,0.0878948897349022,0.33333333333333337,0.5
2022-09-07,445.0,leery,30992.0,2873.0,0.0,3.0,17.0,37.0,28.0,12.0,2.0,0,0,0,0,2,0,0,0,0,0,0,1,0,0,0,0,0,1,0,0,0,0,0,0,1,0,5,2,3,0.4,0,2,0.0,0.09270134228187919,0.08660470016678336,0.6666666666666667,0.5
2022-09-06,444.0,taunt,32734.0,3022.0,0.0,4.0,19.0,27.0,21.0,16.0,13.0,1,0,0,0,0,0,0,0,0,0,0,0,0,1,0,0,0,0,0,2,1,0,0,0,0,0,5,2,3,0.4,0,2,0.0,0.09231991201808518,0.08619164398497418,0.6666666666666667,0.5
2022-09-05,443.0,whoop,32733.0,2970.0,0.0,1.0,16.0,47.0,29.0,7.0,1.0,0,0,0,0,0,0,0,1,0,0,0,0,0,0,2,1,0,0,0,0,0,0,1,0,0,0,5,2,3,0.4,0,2,0.0,0.09073412152873248,0.08447436922505884,0.6666666666666667,0.5
2022-09-04,442.0,inter,32018.0,2889.0,0.0,6.0,25.0,36.0,23.0,8.0,1.0,0,0,0,0,1,0,0,0,1,0,0,0,0,1,0,0,0,1,0,1,0,0,0,0,0,0,5,2,3,0.4,4,1,0.0,0.09023049534636766,0.08392898536936386,0.6666666666666667,0.0
2022-09-03,441.0,gully,31191.0,2877.0,0.0,1.0,9.0,27.0,31.0,25.0,7.0,0,0,0,0,0,0,1,0,0,0,0,2,0,0,0,0,0,0,0,0,1,0,0,0,1,0,5,1,4,0.2,0,2,0.0,0.09223814561892854,0.08610309800464222,0.33333333333333337,0.5
2022-09-02,440.0,charm,35724.0,3149.0,1.0,12.0,32.0,34.0,16.0,5.0,1.0,1,0,1,0,0,0,0,1,0,0,0,0,1,0,0,0,0,1,0,0,0,0,0,0,0,0,5,1,4,0.2,0,1,0.0,0.0881480237375434,0.0816738476597576,0.33333333333333337,0.0
2022-09-01,439.0,fungi,31903.0,2928.0,0.0,2.0,18.0,41.0,28.0,9.0,1.0,0,0,0,0,0,1,1,0,1,0,0,0,0,1,0,0,0,0,0,0,1,0,0,0,0,0,5,2,3,0.4,2,1,0.0,0.09177820267686425,0.08560501934247883,0.6666666666666667,0.0
2022-08-31,438.0,prize,35343.0,3166.0,0.0,5.0,12.0,20.0,32.0,26.0,5.0,0,0,0,0,1,0,0,0,1,0,0,0,0,0,0,1,0,1,0,0,0,0,0,0,0,1,5,2,3,0.4,0,1,0.0,0.08957926604985429,0.08322376003138347,0.6666666666666667,0.0
2022-08-30,437.0,onset,33660.0,3009.0,0.0,4.0,29.0,40.0,21.0,6.0,1.0,0,0,0,0,1,0,0,0,0,0,0,0,0,1,1,0,0,0,1,1,0,0,0,0,0,0,5,2,3,0.4,4,1,0.0,0.0893939393939394,0.08302306719668746,0.6666666666666667,0.0
2022-08-29,436.0,chief,34281.0,3072.0,1.0,6.0,32.0,38.0,18.0,5.0,0.0,0,0,1,0,1,1,0,1,1,0,0,0,0,0,0,0,0,0,0,0,0,0,0,0,0,0,5,2,3,0.4,0,1,0.0,0.08961232169423296,0.08325955645225076,0.6666666666666667,0.0
2022-08-28,435.0,gauze,30214.0,2866.0,0.0,2.0,11.0,24.0,31.0,25.0,8.0,1,0,0,0,1,0,1,0,0,0,0,0,0,0,0,0,0,0,0,0,1,0,0,0,0,1,5,3,2,0.6,0,1,0.0,0.09485668895214139,0.08893875530241459,1.0,0.0
2022-08-27,434.0,ruder,31241.0,2784.0,0.0,2.0,16.0,33.0,29.0,16.0,4.0,0,0,0,1,1,0,0,0,0,0,0,0,0,0,0,0,0,2,0,0,1,0,0,0,0,0,5,2,3,0.4,1,2,0.0,0.08911366473544381,0.08271955383845385,0.6666666666666667,0.5
2022-08-26,433.0,irony,34716.0,3046.0,0.0,6.0,29.0,34.0,21.0,8.0,1.0,0,0,0,0,0,0,0,0,1,0,0,0,0,1,1,0,0,1,0,0,0,0,0,0,1,0,5,2,3,0.4,0,1,0.0,0.08774052310173983,0.08123255950649055,0.6666666666666667,0.0
2022-08-25,432.0,clown,36737.0,3175.0,1.0,8.0,29.0,36.0,20.0,6.0,1.0,0,0,1,0,0,0,0,0,0,0,0,1,0,1,1,0,0,0,0,0,0,0,1,0,0,0,5,1,4,0.2,0,1,0.0,0.08642512997795139,0.07980810184577515,0.33333333333333337,0.0
2022-08-24,431.0,needy,33700.0,2927.0,0.0,2.0,21.0,41.0,26.0,9.0,1.0,0,0,0,1,2,0,0,0,0,0,0,0,0,1,0,0,0,0,0,0,0,0,0,0,1,0,5,2,3,0.4,0,2,0.0,0.08685459940652819,0.08027318031282489,0.6666666666666667,0.5
2022-08-23,430.0,woven,33549.0,2933.0,0.0,2.0,13.0,32.0,32.0,17.0,3.0,0,0,0,0,1,0,0,0,0,0,0,0,0,1,1,0,0,0,0,0,0,1,1,0,0,0,5,2,3,0.4,1,1,0.0,0.08742436436257414,0.0808901867740639,0.6666666666666667,0.0
2022-08-22,429.0,merit,35888.0,3123.0,0.0,7.0,33.0,37.0,17.0,5.0,0.0,0,0,0,0,1,0,0,0,1,0,0,0,1,0,0,0,0,1,0,1,0,0,0,0,0,0,5,2,3,0.4,1,1,0.0,0.08702073116362015,0.08045308672239786,0.6666666666666667,0.0
2022-08-21,428.0,waste,35617.0,3186.0,1.0,7.0,19.0,27.0,24.0,17.0,5.0,1,0,0,0,1,0,0,0,0,0,0,0,0,0,0,0,0,0,1,1,0,0,1,0,0,0,5,2,3,0.4,2,1,0.0,0.08945166633910773,0.08308558051516818,0.6666666666666667,0.0
2022-08-20,427.0,treat,38245.0,3249.0,1.0,22.0,32.0,26.0,14.0,5.0,1.0,1,0,0,0,1,0,0,0,0,0,0,0,0,0,0,0,0,1,0,2,0,0,0,0,0,0,5,2,3,0.4,0,2,0.0,0.08495228134396653,0.07821313340492492,0.6666666666666667,0.5
2022-08-19,426.0,shrug,33965.0,2987.0,0.0,4.0,23.0,36.0,26.0,10.0,1.0,0,0,0,0,0,0,1,1,0,0,0,0,0,0,0,0,0,1,1,0,1,0,0,0,0,0,5,1,4,0.2,0,1,0.0,0.08794347122037391,0.08145233487028711,0.33333333333333337,0.0
2022-08-18,425.0,twang,34938.0,3172.0,0.0,3.0,22.0,43.0,25.0,7.0,1.0,1,0,0,0,0,0,1,0,0,0,0,0,0,1,0,0,0,0,0,1,0,0,1,0,0,0,5,1,4,0.2,0,1,0.0,0.09078939836281413,0.08453422928388364,0.33333333333333337,0.0
2022-08-17,424.0,twice,35815.0,3173.0,1.0,6.0,28.0,38.0,21.0,6.0,1.0,0,0,1,0,1,0,0,0,1,0,0,0,0,0,0,0,0,0,0,1,0,0,1,0,0,0,5,2,3,0.4,0,1,0.0,0.08859416445623342,0.08215697970066775,0.6666666666666667,0.0
2022-08-16,423.0,gruel,35105.0,3087.0,0.0,3.0,19.0,39.0,29.0,9.0,1.0,0,0,0,0,1,0,1,0,0,0,0,1,0,0,0,0,0,1,0,0,1,0,0,0,0,0,5,2,3,0.4,0,1,0.0,0.08793619142572283,0.08144445147856821,0.6666666666666667,0.0
2022-08-15,422.0,poker,35376.0,3180.0,0.0,4.0,17.0,30.0,27.0,17.0,5.0,0,0,0,0,1,0,0,0,0,0,1,0,0,0,1,1,0,1,0,0,0,0,0,0,0,0,5,2,3,0.4,1,1,0.0,0.08989145183175033,0.0835618303926664,0.6666666666666667,0.0
2022-08-14,421.0,khaki,31652.0,2968.0,0.0,2.0,17.0,33.0,28.0,16.0,4.0,1,0,0,0,0,0,0,1,1,0,2,0,0,0,0,0,0,0,0,0,0,0,0,0,0,0,5,2,3,0.4,0,2,0.0,0.09376974598761531,0.08776168952293063,0.6666666666666667,0.5
2022-08-13,420.0,hunky,35276.0,3185.0,0.0,1.0,11.0,33.0,25.0,22.0,7.0,0,0,0,0,0,0,0,1,0,0,1,0,0,1,0,0,0,0,0,0,1,0,0,0,1,0,5,1,4,0.2,0,1,0.0,0.09028801451411725,0.08399127368276396,0.33333333333333337,0.0
2022-08-12,419.0,label,34198.0,3076.0,0.0,4.0,18.0,32.0,29.0,15.0,2.0,1,1,0,0,1,0,0,0,0,0,0,2,0,0,0,0,0,0,0,0,0,0,0,0,0,0,5,2,3,0.4,1,2,0.0,0.08994678051348032,0.08362174659803669,0.6666666666666667,0.5
2022-08-11,418.0,glean,37301.0,3243.0,0.0,6.0,23.0,37.0,24.0,8.0,1.0,1,0,0,0,1,0,1,0,0,0,0,1,0,1,0,0,0,0,0,0,0,0,0,0,0,0,5,2,3,0.4,0,1,0.0,0.08694136886410551,0.0803671441752831,0.6666666666666667,0.0
2022-08-10,417.0,cling,37654.0,3312.0,0.0,4.0,20.0,34.0,27.0,13.0,2.0,0,0,1,0,0,0,1,0,1,0,0,1,0,1,0,0,0,0,0,0,0,0,0,0,0,0,5,1,4,0.2,0,1,0.0,0.08795878259945822,0.08146891577742303,0.33333333333333337,0.0
2022-08-09,416.0,patty,36223.0,3019.0,0.0,2.0,16.0,39.0,29.0,12.0,1.0,1,0,0,0,0,0,0,0,0,0,0,0,0,0,0,1,0,0,0,2,0,0,0,0,1,0,5,1,4,0.2,0,2,0.0,0.08334483615382492,0.07647240846584152,0.33333333333333337,0.5
2022-08-08,415.0,unfit,35516.0,3187.0,0.0,3.0,24.0,38.0,25.0,9.0,1.0,0,0,0,0,0,1,0,0,1,0,0,0,0,1,0,0,0,0,0,1,1,0,0,0,0,0,5,2,3,0.4,4,1,0.0,0.08973420430228629,0.08339154483778338,0.6666666666666667,0.0
2022-08-07,414.0,smear,36223.0,3190.0,0.0,2.0,16.0,39.0,29.0,12.0,2.0,1,0,0,0,1,0,0,0,0,0,0,0,1,0,0,0,0,1,1,0,0,0,0,0,0,0,5,2,3,0.4,0,1,0.0,0.08806559368357121,0.08158458299831885,0.6666666666666667,0.0
2022-08-06,413.0,alien,38841.0,3395.0,3.0,17.0,31.0,29.0,15.0,4.0,0.0,1,0,0,0,1,0,0,0,1,0,0,1,0,1,0,0,0,0,0,0,0,0,0,0,0,0,5,3,2,0.6,0,1,0.0,0.0874076362606524,0.08087207167789931,1.0,0.0
2022-08-05,412.0,buggy,37350.0,3428.0,0.0,1.0,9.0,29.0,34.0,22.0,5.0,0,1,0,0,0,0,2,0,0,0,0,0,0,0,0,0,0,0,0,0,1,0,0,0,1,0,5,1,4,0.2,0,2,0.0,0.09178045515394913,0.0856074585815026,0.33333333333333337,0.5
2022-08-04,411.0,rhyme,37229.0,3336.0,0.0,4.0,22.0,39.0,25.0,8.0,1.0,0,0,0,0,1,0,0,1,0,0,0,0,1,0,0,0,0,1,0,0,0,0,0,0,1,0,5,1,4,0.2,0,1,0.0,0.08960756399580971,0.08325440427390667,0.33333333333333337,0.0
2022-08-03,410.0,youth,38381.0,3327.0,1.0,5.0,17.0,31.0,29.0,15.0,3.0,0,0,0,0,0,0,0,1,0,0,0,0,0,0,1,0,0,0,0,1,1,0,0,0,1,0,5,2,3,0.4,0,1,0.0,0.08668351528099841,0.08008791091401898,0.6666666666666667,0.0
2022-08-02,409.0,coyly,34909.0,3380.0,0.0,0.0,4.0,17.0,28.0,35.0,15.0,0,0,1,0,0,0,0,0,0,0,0,1,0,0,1,0,0,0,0,0,0,0,0,0,2,0,5,1,4,0.2,0,2,0.0,0.09682316881033544,0.09106828391860461,0.33333333333333337,0.5
2022-08-01,408.0,quart,36662.0,3303.0,0.0,5.0,20.0,33.0,27.0,13.0,2.0,1,0,0,0,0,0,0,0,0,0,0,0,0,0,0,0,1,1,0,1,1,0,0,0,0,0,5,2,3,0.4,0,1,0.0,0.09009328459985816,0.08378039792773649,0.6666666666666667,0.0
2022-07-31,407.0,cramp,39250.0,3369.0,1.0,8.0,26.0,33.0,19.0,10.0,2.0,1,0,1,0,0,0,0,0,0,0,0,0,1,0,0,1,0,1,0,0,0,0,0,0,0,0,5,1,4,0.2,0,1,0.0,0.0858343949044586,0.07916838655026975,0.33333333333333337,0.0
2022-07-30,406.0,bluff,37353.0,3171.0,0.0,2.0,14.0,42.0,31.0,10.0,1.0,0,1,0,0,0,2,0,0,0,0,0,1,0,0,0,0,0,0,0,0,1,0,0,0,0,0,5,1,4,0.2,0,2,0.0,0.08489277969640993,0.07814869823633967,0.33333333333333337,0.5
2022-07-29,405.0,upset,37791.0,3213.0,0.0,5.0,30.0,38.0,20.0,6.0,1.0,0,0,0,0,1,0,0,0,0,0,0,0,0,0,0,1,0,0,1,1,1,0,0,0,0,0,5,2,3,0.4,4,1,0.0,0.08502024291497975,0.07828672994326262,0.6666666666666667,0.0
2022-07-28,404.0,stomp,40650.0,3490.0,0.0,7.0,26.0,32.0,21.0,11.0,2.0,0,0,0,0,0,0,0,0,0,0,0,0,1,0,1,1,0,0,1,1,0,0,0,0,0,0,5,1,4,0.2,0,1,0.0,0.08585485854858549,0.07919054691747522,0.33333333333333337,0.0
2022-07-27,403.0,motto,38384.0,3285.0,0.0,1.0,11.0,36.0,36.0,14.0,1.0,0,0,0,0,0,0,0,0,0,0,0,0,1,0,2,0,0,0,0,2,0,0,0,0,0,0,5,2,3,0.4,2,2,0.0,0.08558253438932889,0.07889564326636465,0.6666666666666667,0.5
2022-07-26,402.0,cinch,39171.0,3507.0,0.0,2.0,15.0,24.0,22.0,25.0,13.0,0,0,2,0,0,0,0,1,1,0,0,0,0,1,0,0,0,0,0,0,0,0,0,0,0,0,5,1,4,0.2,0,2,0.0,0.08953052002757142,0.08317097228024314,0.33333333333333337,0.5
2022-07-25,401.0,elope,39228.0,3339.0,0.0,4.0,22.0,32.0,26.0,13.0,2.0,0,0,0,0,2,0,0,0,0,0,0,1,0,0,1,1,0,0,0,0,0,0,0,0,0,0,5,3,2,0.6,3,2,0.0,0.08511777301927195,0.07839234666095479,1.0,0.5
2022-07-24,400.0,power,39813.0,3401.0,2.0,6.0,19.0,29.0,24.0,15.0,4.0,0,0,0,0,1,0,0,0,0,0,0,0,0,0,1,1,0,1,0,0,0,0,1,0,0,0,5,2,3,0.4,1,1,0.0,0.0854243588777535,0.0787243527866393,0.6666666666666667,0.0
2022-07-23,399.0,midge,36769.0,3111.0,0.0,2.0,18.0,39.0,28.0,10.0,2.0,0,0,0,1,1,0,1,0,1,0,0,0,1,0,0,0,0,0,0,0,0,0,0,0,0,0,5,2,3,0.4,2,1,0.0,0.08460931763170061,0.07784173319121729,0.6666666666666667,0.0
2022-07-22,398.0,tryst,43099.0,3665.0,0.0,3.0,26.0,41.0,23.0,6.0,1.0,0,0,0,0,0,0,0,0,0,0,0,0,0,0,0,0,0,1,1,2,0,0,0,0,1,0,5,0,5,0.0,0,2,0.0,0.08503677579526207,0.0783046336311761,0.0,0.5
2022-07-21,397.0,aphid,39086.0,3367.0,0.0,6.0,24.0,36.0,23.0,9.0,2.0,1,0,0,1,0,0,0,1,1,0,0,0,0,0,0,1,0,0,0,0,0,0,0,0,0,0,5,2,3,0.4,4,1,0.0,0.08614337614491122,0.07950298666868338,0.6666666666666667,0.0
2022-07-20,396.0,trite,42237.0,3685.0,0.0,4.0,14.0,22.0,22.0,23.0,15.0,0,0,0,0,1,0,0,0,1,0,0,0,0,0,0,0,0,1,0,2,0,0,0,0,0,0,5,2,3,0.4,0,2,0.0,0.08724577976655538,0.08069679501057951,0.6666666666666667,0.5
2022-07-19,395.0,angry,39667.0,3358.0,0.0,5.0,27.0,38.0,21.0,7.0,1.0,1,0,0,0,0,0,1,0,0,0,0,0,0,1,0,0,0,1,0,0,0,0,0,0,1,0,5,1,4,0.2,0,1,0.0,0.08465475080041344,0.07789093340676743,0.33333333333333337,0.0
2022-07-18,394.0,flock,42574.0,3548.0,0.0,4.0,22.0,37.0,27.0,9.0,1.0,0,0,1,0,0,1,0,0,0,0,1,1,0,0,1,0,0,0,0,0,0,0,0,0,0,0,5,1,4,0.2,0,1,0.0,0.0833372480856861,0.07646419124043956,0.33333333333333337,0.0
2022-07-17,393.0,wacky,39611.0,3345.0,0.0,3.0,18.0,39.0,27.0,10.0,2.0,1,0,1,0,0,0,0,0,0,0,1,0,0,0,0,0,0,0,0,0,0,0,1,0,1,0,5,1,4,0.2,0,1,0.0,0.08444623968089672,0.0776651337913,0.33333333333333337,0.0
2022-07-16,392.0,roomy,38769.0,3280.0,0.0,2.0,17.0,41.0,28.0,10.0,2.0,0,0,0,0,0,0,0,0,0,0,0,0,1,0,2,0,0,1,0,0,0,0,0,0,1,0,5,2,3,0.4,0,2,0.0,0.0846036781964972,0.07783562616774853,0.6666666666666667,0.5
2022-07-15,391.0,wedge,39234.0,3353.0,0.0,2.0,11.0,32.0,37.0,17.0,2.0,0,0,0,1,2,0,1,0,0,0,0,0,0,0,0,0,0,0,0,0,0,0,1,0,0,0,5,2,3,0.4,2,2,0.0,0.08546158943773258,0.07876467028215896,0.6666666666666667,0.5
2022-07-14,390.0,liver,40549.0,3388.0,0.0,4.0,16.0,26.0,25.0,20.0,8.0,0,0,0,0,1,0,0,0,1,0,0,1,0,0,0,0,0,1,0,0,0,1,0,0,0,0,5,2,3,0.4,1,1,0.0,0.08355323189227848,0.07669808313353757,0.6666666666666667,0.0
2022-07-13,389.0,bland,46246.0,3727.0,0.0,7.0,31.0,38.0,18.0,4.0,0.0,1,1,0,1,0,0,0,0,0,0,0,1,0,1,0,0,0,0,0,0,0,0,0,0,0,0,5,1,4,0.2,0,1,0.0,0.08059075379492281,0.07348997405636211,0.33333333333333337,0.0
2022-07-12,388.0,night,46910.0,3870.0,1.0,8.0,27.0,27.0,17.0,13.0,7.0,0,0,0,0,0,0,1,1,1,0,0,0,0,1,0,0,0,0,0,1,0,0,0,0,0,0,5,1,4,0.2,0,1,0.0,0.08249840119377531,0.0755557921772696,0.33333333333333337,0.0
2022-07-11,387.0,madam,40545.0,3430.0,0.0,3.0,13.0,35.0,34.0,14.0,2.0,2,0,0,1,0,0,0,0,0,0,0,0,2,0,0,0,0,0,0,0,0,0,0,0,0,0,5,2,3,0.4,1,2,0.0,0.0845973609569614,0.07782878514046276,0.6666666666666667,0.5
2022-07-10,386.0,berth,41785.0,3494.0,0.0,7.0,24.0,35.0,24.0,9.0,1.0,0,1,0,0,1,0,0,1,0,0,0,0,0,0,0,0,0,1,0,1,0,0,0,0,0,0,5,1,4,0.2,0,1,0.0103437097623205,0.08361852339356228,0.07676878821592044,0.33333333333333337,0.0
2022-07-09,385.0,stead,47094.0,3933.0,1.0,6.0,20.0,27.0,28.0,16.0,3.0,1,0,0,1,1,0,0,0,0,0,0,0,0,0,0,0,0,0,1,1,0,0,0,0,0,0,5,2,3,0.4,0,1,0.0290093231758484,0.0835138234169958,0.07665540714299274,0.6666666666666667,0.0
2022-07-08,384.0,voice,42806.0,3484.0,1.0,5.0,24.0,35.0,25.0,9.0,1.0,0,0,1,0,1,0,0,0,1,0,0,0,0,0,1,0,0,0,0,0,0,1,0,0,0,0,5,3,2,0.6,0,1,0.4855078218556038,0.08139045928140914,0.07435598634268208,1.0,0.0
2022-07-07,383.0,agape,43407.0,3671.0,0.0,2.0,18.0,36.0,27.0,15.0,3.0,2,0,0,0,1,0,1,0,0,0,0,0,0,0,0,1,0,0,0,0,0,0,0,0,0,0,5,3,2,0.6,3,2,0.0011246516984693,0.08457161287349967,0.07780090217979306,1.0,0.5
2022-07-06,382.0,fluff,47344.0,4049.0,0.0,0.0,4.0,25.0,44.0,23.0,4.0,0,0,0,0,0,3,0,0,0,0,0,1,0,0,0,0,0,0,0,0,1,0,0,0,0,0,5,1,4,0.2,0,3,0.0011162690202504,0.08552298073673538,0.07883115178079562,0.33333333333333337,1.0
2022-07-05,381.0,field,44578.0,3604.0,1.0,6.0,25.0,36.0,23.0,9.0,1.0,0,0,0,1,1,1,0,0,1,0,0,1,0,0,0,0,0,0,0,0,0,0,0,0,0,0,5,2,3,0.4,0,1,0.902101730729222,0.08084705460092423,0.07376752579352246,0.6666666666666667,0.0
2022-07-04,380.0,sever,42645.0,3591.0,0.0,2.0,13.0,27.0,29.0,21.0,7.0,0,0,0,0,2,0,0,0,0,0,0,0,0,0,0,0,0,1,1,0,0,1,0,0,0,0,5,2,3,0.4,1,2,0.011538824053865,0.08420682377769961,0.07740586695217892,0.6666666666666667,0.5
2022-07-03,379.0,lilac,40486.0,3461.0,0.0,2.0,17.0,38.0,29.0,12.0,1.0,1,0,1,0,0,0,0,0,1,0,0,2,0,0,0,0,0,0,0,0,0,0,0,0,0,0,5,2,3,0.4,1,2,0.0065354981858903,0.08548634095736798,0.07879147404988542,0.6666666666666667,0.5
2022-07-02,378.0,egret,41765.0,3515.0,0.0,3.0,14.0,33.0,33.0,15.0,2.0,0,0,0,0,2,0,1,0,0,0,0,0,0,0,0,0,0,1,0,1,0,0,0,0,0,0,5,2,3,0.4,4,2,0.0004586358454587,0.08416137914521729,0.07735665432235203,0.6666666666666667,0.5
2022-07-01,377.0,pinto,47248.0,3792.0,0.0,5.0,25.0,41.0,22.0,6.0,1.0,0,0,0,0,0,0,0,0,1,0,0,0,0,1,1,1,0,0,0,1,0,0,0,0,0,0,5,2,3,0.4,2,1,0.0005301492621797,0.08025736539112767,0.07312894307848081,0.6666666666666667,0.0
2022-06-30,376.0,hutch,44212.0,3758.0,0.0,1.0,12.0,28.0,28.0,21.0,9.0,0,0,1,0,0,0,0,2,0,0,0,0,0,0,0,0,0,0,0,1,1,0,0,0,0,0,5,1,4,0.2,0,2,0.0009037658269116,0.08499954763412648,0.0782643187333977,0.33333333333333337,0.5
2022-06-29,375.0,gawky,45645.0,3957.0,0.0,1.0,5.0,22.0,33.0,28.0,10.0,1,0,0,0,0,0,1,0,0,0,1,0,0,0,0,0,0,0,0,0,0,0,1,0,1,0,5,1,4,0.2,0,1,0.000434954350904,0.08669076569175156,0.08009576248550274,0.33333333333333337,0.0
2022-06-28,374.0,droll,47312.0,3844.0,0.0,2.0,16.0,31.0,31.0,17.0,3.0,0,0,0,1,0,0,0,0,0,0,0,2,0,0,1,0,0,1,0,0,0,0,0,0,0,0,5,1,4,0.2,0,2,0.0043324791786903,0.08124788637132228,0.07420159213891826,0.33333333333333337,0.5
2022-06-27,373.0,retro,47986.0,3848.0,0.0,6.0,24.0,35.0,24.0,9.0,1.0,0,0,0,0,1,0,0,0,0,0,0,0,0,0,1,0,0,2,0,1,0,0,0,0,0,0,5,2,3,0.4,2,2,0.0022574400301433,0.08019005543283457,0.0730560521806959,0.6666666666666667,0.5
2022-06-26,372.0,rusty,50450.0,3954.0,0.0,9.0,37.0,34.0,13.0,5.0,1.0,0,0,0,0,0,0,0,0,0,0,0,0,0,0,0,0,0,1,1,1,1,0,0,0,1,0,5,1,4,0.2,0,1,0.0133449056903996,0.07837462834489593,0.07109010072776709,0.33333333333333337,0.0
2022-06-25,371.0,beady,46089.0,3670.0,0.0,3.0,19.0,39.0,29.0,10.0,1.0,1,1,0,1,1,0,0,0,0,0,0,0,0,0,0,0,0,0,0,0,0,0,0,0,1,0,5,2,3,0.4,0,1,0.0005786848786095,0.07962854477207143,0.07244798441157621,0.6666666666666667,0.0
2022-06-24,370.0,smite,50617.0,3991.0,0.0,6.0,23.0,35.0,24.0,11.0,2.0,0,0,0,0,1,0,0,0,1,0,0,0,1,0,0,0,0,0,1,1,0,0,0,0,0,0,5,2,3,0.4,0,1,0.0068621177000961,0.07884702767844795,0.07160166859095994,0.6666666666666667,0.0
2022-06-23,369.0,brink,53111.0,4118.0,0.0,4.0,22.0,41.0,24.0,7.0,1.0,0,1,0,0,0,0,0,0,1,0,1,0,0,1,0,0,0,1,0,0,0,0,0,0,0,0,5,1,4,0.2,0,1,0.0155181138202346,0.0775357270621905,0.07018164276404283,0.33333333333333337,0.0
2022-06-22,368.0,awful,47645.0,3861.0,0.0,5.0,21.0,33.0,27.0,12.0,2.0,1,0,0,0,0,1,0,0,0,0,0,1,0,0,0,0,0,0,0,0,1,0,1,0,0,0,5,2,3,0.4,4,1,0.0767807047392104,0.0810368349249659,0.07397304156789082,0.6666666666666667,0.0
2022-06-21,367.0,gloat,53342.0,4194.0,0.0,8.0,21.0,31.0,26.0,12.0,2.0,1,0,0,0,0,0,1,0,0,0,0,1,0,0,1,0,0,0,0,1,0,0,0,0,0,0,5,2,3,0.4,0,1,0.0008561506538252,0.0786247234824341,0.0713609322595208,0.6666666666666667,0.0
2022-06-20,366.0,input,50484.0,3950.0,0.0,5.0,30.0,38.0,21.0,6.0,1.0,0,0,0,0,0,0,0,0,1,0,0,0,0,1,0,1,0,0,0,1,1,0,0,0,0,0,5,2,3,0.4,4,1,0.092202189209694,0.07824261152048173,0.07094713785721586,0.6666666666666667,0.0
2022-06-19,365.0,loser,55359.0,4399.0,1.0,10.0,28.0,32.0,19.0,8.0,2.0,0,0,0,0,1,0,0,0,0,0,0,1,0,0,1,0,0,1,1,0,0,0,0,0,0,0,5,2,3,0.4,1,1,0.0064217939687605,0.07946314059141242,0.07226886590472595,0.6666666666666667,0.0
2022-06-18,364.0,cacao,47205.0,4101.0,0.0,1.0,9.0,27.0,36.0,23.0,4.0,2,0,2,0,0,0,0,0,0,0,0,0,0,0,1,0,0,0,0,0,0,0,0,0,0,0,5,3,2,0.6,0,2,0.0044804188236638,0.08687639021290118,0.08029677788263867,1.0,0.5
2022-06-17,363.0,blown,54665.0,4251.0,0.0,6.0,23.0,35.0,26.0,10.0,1.0,0,1,0,0,0,0,0,0,0,0,0,1,0,1,1,0,0,0,0,0,0,0,1,0,0,0,5,1,4,0.2,0,1,0.0456045892445233,0.07776456599286563,0.07042945565128926,0.33333333333333337,0.0
2022-06-16,362.0,apron,53430.0,4112.0,0.0,7.0,30.0,38.0,19.0,5.0,1.0,1,0,0,0,0,0,0,0,0,0,0,0,0,1,1,1,0,1,0,0,0,0,0,0,0,0,5,2,3,0.4,4,1,0.0156307389503988,0.0769605090772974,0.06955873114139241,0.6666666666666667,0.0
2022-06-15,361.0,primo,55989.0,4391.0,0.0,3.0,22.0,38.0,25.0,10.0,2.0,0,0,0,0,0,0,0,0,1,0,0,0,1,0,1,1,0,1,0,0,0,0,0,0,0,0,5,2,3,0.4,0,1,0.0027881198616094,0.07842611941631392,0.07114586113111217,0.6666666666666667,0.0
2022-06-14,360.0,atone,59968.0,4762.0,2.0,16.0,34.0,29.0,14.0,4.0,1.0,1,0,0,0,1,0,0,0,0,0,0,0,0,1,1,0,0,0,0,1,0,0,0,0,0,0,5,3,2,0.6,3,1,0.0086220367764185,0.0794090181430096,0.07221025594634177,1.0,0.0
2022-06-13,359.0,donor,53802.0,4142.0,0.0,3.0,27.0,38.0,23.0,7.0,1.0,0,0,0,1,0,0,0,0,0,0,0,0,0,1,2,0,0,1,0,0,0,0,0,0,0,0,5,2,3,0.4,1,2,0.0300972868063742,0.07698598565109104,0.06958632008043492,0.6666666666666667,0.5
2022-06-12,358.0,float,56684.0,4323.0,1.0,12.0,30.0,32.0,18.0,6.0,1.0,1,0,0,0,0,1,0,0,0,0,0,1,0,0,1,0,0,0,0,1,0,0,0,0,0,0,5,2,3,0.4,0,1,0.0368864508423165,0.07626490720485499,0.06880545411866112,0.6666666666666667,0.0
2022-06-11,357.0,goose,51958.0,4087.0,0.0,2.0,12.0,28.0,32.0,21.0,5.0,0,0,0,0,1,0,1,0,0,0,0,0,0,0,2,0,0,0,1,0,0,0,0,0,0,0,5,3,2,0.6,0,2,0.0180743779159473,0.0786596866700027,0.0713987943856597,1.0,0.5
2022-06-10,356.0,piety,55376.0,4324.0,0.0,4.0,25.0,41.0,22.0,7.0,1.0,0,0,0,0,1,0,0,0,1,0,0,0,0,0,0,1,0,0,0,1,0,0,0,0,1,0,5,2,3,0.4,0,1,0.0,0.07808436867957237,0.07077577446561055,0.6666666666666667,0.0
2022-06-09,355.0,girth,60020.0,4665.0,0.0,6.0,23.0,33.0,23.0,12.0,3.0,0,0,0,0,0,0,1,1,1,0,0,0,0,0,0,0,0,1,0,1,0,0,0,0,0,0,5,1,4,0.2,0,1,0.0,0.07772409196934356,0.07038562576361283,0.33333333333333337,0.0
2022-06-08,354.0,trait,61026.0,4607.0,0.0,6.0,22.0,35.0,24.0,11.0,2.0,1,0,0,0,0,0,0,0,1,0,0,0,0,0,0,0,0,1,0,2,0,0,0,0,0,0,5,2,3,0.4,0,2,0.0,0.07549241306983909,0.06796890938645823,0.6666666666666667,0.5
2022-06-07,353.0,flood,58991.0,4440.0,0.0,3.0,20.0,40.0,28.0,8.0,1.0,0,0,0,1,0,1,0,0,0,0,0,1,0,0,2,0,0,0,0,0,0,0,0,0,0,0,5,2,3,0.4,0,2,0.0,0.07526571849943212,0.06772341865701853,0.6666666666666667,0.5
2022-06-06,352.0,gloom,58478.0,4548.0,0.0,2.0,14.0,35.0,35.0,13.0,1.0,0,0,0,0,0,0,1,0,0,0,0,1,1,0,2,0,0,0,0,0,0,0,0,0,0,0,5,2,3,0.4,0,2,0.0,0.07777283764834639,0.07043841314301039,0.6666666666666667,0.5
2022-06-05,351.0,depth,56738.0,4329.0,0.0,6.0,28.0,39.0,20.0,6.0,1.0,0,0,0,1,1,0,0,1,0,0,0,0,0,0,0,1,0,0,0,1,0,0,0,0,0,0,5,1,4,0.2,0,1,0.0,0.07629807183897917,0.0688413685660523,0.33333333333333337,0.0
2022-06-04,350.0,froth,58263.0,4432.0,0.0,5.0,22.0,35.0,25.0,11.0,1.0,0,0,0,0,0,1,0,1,0,0,0,0,0,0,1,0,0,1,0,1,0,0,0,0,0,0,5,1,4,0.2,0,1,0.0,0.07606886016854608,0.0685931520336947,0.33333333333333337,0.0
2022-06-03,349.0,peach,65431.0,4957.0,1.0,13.0,38.0,32.0,13.0,3.0,0.0,1,0,1,0,1,0,0,1,0,0,0,0,0,0,0,1,0,0,0,0,0,0,0,0,0,0,5,2,3,0.4,0,1,0.0,0.0757591967110391,0.06825781313286555,0.6666666666666667,0.0
2022-06-02,348.0,showy,61278.0,4770.0,0.0,2.0,16.0,37.0,30.0,13.0,2.0,0,0,0,0,0,0,0,1,0,0,0,0,0,0,1,0,0,0,1,0,0,0,1,0,1,0,5,1,4,0.2,0,1,0.0,0.07784196612160971,0.07051327333615925,0.33333333333333337,0.0
2022-06-01,347.0,creak,63241.0,4797.0,0.0,5.0,21.0,32.0,25.0,14.0,3.0,1,0,1,0,1,0,0,0,0,0,1,0,0,0,0,0,0,1,0,0,0,0,0,0,0,0,5,2,3,0.4,0,1,0.0,0.07585269050141522,0.06835905886961306,0.6666666666666667,0.0
2022-05-31,346.0,manor,62768.0,4802.0,0.0,6.0,27.0,34.0,21.0,10.0,2.0,1,0,0,0,0,0,0,0,0,0,0,0,1,1,1,0,0,1,0,0,0,0,0,0,0,0,5,2,3,0.4,1,1,0.0,0.07650395105786388,0.06906431805941578,0.6666666666666667,0.0
2022-05-30,345.0,atoll,60969.0,4741.0,0.0,6.0,28.0,36.0,21.0,8.0,1.0,1,0,0,0,0,0,0,0,0,0,0,2,0,0,1,0,0,0,0,1,0,0,0,0,0,0,5,2,3,0.4,0,2,0.0,0.07776082927389329,0.07042540910591066,0.6666666666666667,0.5
2022-05-29,344.0,bayou,56839.0,4435.0,0.0,6.0,17.0,33.0,29.0,13.0,2.0,1,1,0,0,0,0,0,0,0,0,0,0,0,0,1,0,0,0,0,0,1,0,0,0,1,0,5,3,2,0.6,0,1,0.0,0.07802741075669875,0.07071409393215748,1.0,0.0
2022-05-28,343.0,crept,60069.0,4562.0,0.0,4.0,27.0,38.0,22.0,7.0,1.0,0,0,1,0,1,0,0,0,0,0,0,0,0,0,0,1,0,1,0,1,0,0,0,0,0,0,5,1,4,0.2,0,1,0.0,0.07594599543857897,0.06846010009456846,0.33333333333333337,0.0
2022-05-27,342.0,tiara,63846.0,4842.0,0.0,8.0,36.0,33.0,17.0,6.0,1.0,2,0,0,0,0,0,0,0,1,0,0,0,0,0,0,0,0,1,0,1,0,0,0,0,0,0,5,3,2,0.6,0,2,0.0,0.07583873696081195,0.06834394838481049,1.0,0.5
2022-05-26,341.0,asset,63188.0,4733.0,0.0,7.0,28.0,34.0,21.0,8.0,1.0,1,0,0,0,1,0,0,0,0,0,0,0,0,0,0,0,0,0,2,1,0,0,0,0,0,0,5,2,3,0.4,4,2,0.0,0.07490346268278787,0.06733112675292871,0.6666666666666667,0.5
2022-05-25,340.0,vouch,62723.0,4835.0,0.0,2.0,9.0,25.0,33.0,24.0,6.0,0,0,1,0,0,0,0,1,0,0,0,0,0,0,1,0,0,0,0,0,1,1,0,0,0,0,5,2,3,0.4,0,1,0.0,0.07708496085965276,0.06969350172180659,0.6666666666666667,0.0
2022-05-24,339.0,album,63380.0,4809.0,0.0,5.0,26.0,35.0,24.0,9.0,1.0,1,1,0,0,0,0,0,0,0,0,0,1,1,0,0,0,0,0,0,0,1,0,0,0,0,0,5,2,3,0.4,4,1,0.0,0.07587567055853582,0.06838394429573941,0.6666666666666667,0.0
2022-05-23,338.0,hinge,66431.0,4906.0,0.0,5.0,25.0,37.0,22.0,9.0,2.0,0,0,0,0,1,0,1,1,1,0,0,0,0,1,0,0,0,0,0,0,0,0,0,0,0,0,5,2,3,0.4,2,1,0.0,0.0738510635095061,0.0661914689294225,0.6666666666666667,0.0
2022-05-22,337.0,money,67909.0,4928.0,1.0,7.0,26.0,36.0,21.0,8.0,1.0,0,0,0,0,1,0,0,0,0,0,0,0,1,1,1,0,0,0,0,0,0,0,0,0,1,0,5,2,3,0.4,1,1,0.0,0.07256770089384323,0.06480169755514949,0.6666666666666667,0.0
2022-05-21,336.0,scrap,66814.0,4973.0,1.0,9.0,28.0,34.0,20.0,8.0,1.0,1,0,1,0,0,0,0,0,0,0,0,0,0,0,0,1,0,1,1,0,0,0,0,0,0,0,5,1,4,0.2,0,1,0.0,0.07443050857604694,0.0668189581180695,0.33333333333333337,0.0
2022-05-20,335.0,gamer,69884.0,5238.0,1.0,4.0,17.0,28.0,26.0,18.0,6.0,1,0,0,0,1,0,1,0,0,0,0,0,1,0,0,0,0,1,0,0,0,0,0,0,0,0,5,2,3,0.4,1,1,0.0,0.07495277889073322,0.06738453196611918,0.6666666666666667,0.0
2022-05-19,334.0,glass,70920.0,5162.0,0.0,4.0,19.0,33.0,27.0,14.0,3.0,1,0,0,0,0,0,1,0,0,0,0,1,0,0,0,0,0,0,2,0,0,0,0,0,0,0,5,1,4,0.2,0,2,0.0,0.07278623801466441,0.06503835446803333,0.33333333333333337,0.5
2022-05-18,333.0,scour,73933.0,5544.0,0.0,8.0,34.0,35.0,17.0,5.0,1.0,0,0,1,0,0,0,0,0,0,0,0,0,0,0,1,0,0,1,1,0,1,0,0,0,0,0,5,2,3,0.4,0,1,0.0,0.07498681238418568,0.06742138731346176,0.6666666666666667,0.0
2022-05-17,332.0,being,70722.0,5142.0,0.0,4.0,22.0,37.0,26.0,10.0,1.0,0,1,0,0,1,0,1,0,1,0,0,0,0,1,0,0,0,0,0,0,0,0,0,0,0,0,5,2,3,0.4,0,1,0.0,0.07270721981844405,0.06495278455520162,0.6666666666666667,0.0
2022-05-16,331.0,delve,68349.0,5179.0,0.0,2.0,14.0,32.0,33.0,16.0,2.0,0,0,0,1,2,0,0,0,0,0,0,1,0,0,0,0,0,0,0,0,0,1,0,0,0,0,5,2,3,0.4,2,2,0.0,0.07577287158553893,0.06827262184623673,0.6666666666666667,0.5
2022-05-15,330.0,yield,67115.0,4963.0,0.0,4.0,16.0,29.0,29.0,18.0,4.0,0,0,0,1,1,0,0,0,1,0,0,1,0,0,0,0,0,0,0,0,0,0,0,0,1,0,5,2,3,0.4,0,1,0.0,0.07394770170602696,0.06629611978768106,0.6666666666666667,0.0
2022-05-14,329.0,metal,73225.0,5290.0,1.0,10.0,31.0,34.0,18.0,7.0,1.0,1,0,0,0,1,0,0,0,0,0,0,1,1,0,0,0,0,0,0,1,0,0,0,0,0,0,5,2,3,0.4,1,1,0.0,0.07224308637760328,0.06445016794314598,0.6666666666666667,0.0
2022-05-13,328.0,tipsy,77585.0,5522.0,0.0,6.0,33.0,38.0,17.0,5.0,1.0,0,0,0,0,0,0,0,0,1,0,0,0,0,0,0,1,0,0,1,1,0,0,0,0,1,0,5,1,4,0.2,0,1,0.0,0.07117355158858027,0.06329195372104511,0.33333333333333337,0.0
2022-05-12,327.0,slung,75673.0,5419.0,0.0,2.0,16.0,37.0,31.0,13.0,2.0,0,0,0,0,0,0,1,0,0,0,0,1,0,1,0,0,0,0,1,0,1,0,0,0,0,0,5,1,4,0.2,0,1,0.0,0.0716107462370991,0.0637653979371079,0.33333333333333337,0.0
2022-05-11,326.0,farce,79446.0,5688.0,0.0,9.0,26.0,32.0,21.0,9.0,1.0,1,0,1,0,1,1,0,0,0,0,0,0,0,0,0,0,0,1,0,0,0,0,0,0,0,0,5,2,3,0.4,2,1,0.0,0.07159580092138056,0.06374921344512442,0.6666666666666667,0.0
2022-05-10,325.0,gecko,74412.0,5489.0,0.0,2.0,16.0,38.0,29.0,12.0,2.0,0,0,1,0,1,0,1,0,0,0,1,0,0,0,1,0,0,0,0,0,0,0,0,0,0,0,5,2,3,0.4,2,1,0.0,0.07376498414234263,0.06609825237555121,0.6666666666666667,0.0
2022-05-09,324.0,shine,88932.0,6146.0,1.0,14.0,32.0,30.0,17.0,6.0,1.0,0,0,0,0,1,0,0,1,1,0,0,0,0,1,0,0,0,0,1,0,0,0,0,0,0,0,5,2,3,0.4,0,1,0.0,0.06910898214366032,0.06105620251578932,0.6666666666666667,0.0
2022-05-08,323.0,canny,72518.0,5256.0,0.0,2.0,10.0,30.0,34.0,20.0,4.0,1,0,1,0,0,0,0,0,0,0,0,0,0,2,0,0,0,0,0,0,0,0,0,0,1,0,5,1,4,0.2,0,2,0.0,0.07247855704790535,0.06470516243423739,0.33333333333333337,0.5
2022-05-07,322.0,midst,74458.0,5233.0,0.0,3.0,25.0,39.0,24.0,9.0,1.0,0,0,0,1,0,0,0,0,1,0,0,0,1,0,0,0,0,0,1,1,0,0,0,0,0,0,5,1,4,0.2,0,1,0.0,0.07028123237261275,0.06232564872826263,0.33333333333333337,0.0
2022-05-06,321.0,badge,76292.0,5482.0,0.0,4.0,20.0,35.0,26.0,12.0,2.0,1,1,0,1,1,0,1,0,0,0,0,0,0,0,0,0,0,0,0,0,0,0,0,0,0,0,5,2,3,0.4,2,1,0.0,0.07185550254286163,0.06403044797306046,0.6666666666666667,0.0
2022-05-05,320.0,homer,85979.0,6313.0,0.0,3.0,16.0,26.0,24.0,19.0,12.0,0,0,0,0,1,0,0,1,0,0,0,0,1,0,1,0,0,1,0,0,0,0,0,0,0,0,5,2,3,0.4,1,1,0.0,0.07342490608171763,0.06572997707447367,0.6666666666666667,0.0
2022-05-04,319.0,train,107750.0,7243.0,6.0,26.0,32.0,22.0,10.0,3.0,0.0,1,0,0,0,0,0,0,0,1,0,0,0,0,1,0,0,0,1,0,1,0,0,0,0,0,0,5,2,3,0.4,0,1,0.0,0.06722041763341068,0.059011049522566736,0.6666666666666667,0.0
2022-05-03,318.0,hairy,85817.0,5941.0,1.0,8.0,24.0,33.0,23.0,10.0,1.0,1,0,0,0,0,0,0,1,1,0,0,0,0,0,0,0,0,1,0,0,0,0,0,0,1,0,5,2,3,0.4,0,1,0.0,0.06922870759872753,0.06118585489010153,0.6666666666666667,0.0
2022-05-02,317.0,story,95643.0,6530.0,1.0,10.0,23.0,29.0,24.0,11.0,2.0,0,0,0,0,0,0,0,0,0,0,0,0,0,0,1,0,0,1,1,1,0,0,0,0,1,0,5,1,4,0.2,0,1,0.0,0.06827472998546678,0.060152779154197936,0.33333333333333337,0.0
2022-05-01,316.0,forgo,77658.0,5699.0,0.0,1.0,9.0,26.0,37.0,23.0,3.0,0,0,0,0,0,1,1,0,0,0,0,0,0,0,2,0,0,1,0,0,0,0,0,0,0,0,5,2,3,0.4,2,2,0.0,0.07338587138478972,0.06568770585375105,0.6666666666666667,0.5
2022-04-30,315.0,larva,77991.0,5749.0,0.0,2.0,10.0,25.0,35.0,23.0,4.0,2,0,0,0,0,0,0,0,0,0,0,1,0,0,0,0,0,1,0,0,0,1,0,0,0,0,5,2,3,0.4,2,2,0.0,0.07371363362439255,0.06604264417952764,0.6666666666666667,0.5
2022-04-28,313.0,zesty,88974.0,6315.0,0.0,2.0,12.0,27.0,30.0,22.0,7.0,0,0,0,0,1,0,0,0,0,0,0,0,0,0,0,0,0,0,1,1,0,0,0,0,1,1,5,1,4,0.2,0,1,0.0,0.07097579068042349,0.06307779566021944,0.33333333333333337,0.0
2022-04-27,312.0,shown,98967.0,6564.0,0.0,6.0,26.0,36.0,22.0,8.0,1.0,0,0,0,0,0,0,0,1,0,0,0,0,0,1,1,0,0,0,1,0,0,0,1,0,0,0,5,1,4,0.2,0,1,0.0,0.06632513868259117,0.058041539391405966,0.33333333333333337,0.0
2022-04-26,311.0,heist,103153.0,6830.0,1.0,13.0,32.0,31.0,16.0,6.0,1.0,0,0,0,0,1,0,0,1,1,0,0,0,0,0,0,0,0,0,1,1,0,0,0,0,0,0,5,2,3,0.4,0,1,0.0,0.0662123253807451,0.0579193722847524,0.6666666666666667,0.0
2022-04-25,310.0,askew,91548.0,6549.0,0.0,3.0,13.0,29.0,32.0,19.0,4.0,1,0,0,0,1,0,0,0,0,0,1,0,0,0,0,0,0,0,1,0,0,0,1,0,0,0,5,2,3,0.4,4,1,0.0,0.07153624328221261,0.06368471764243804,0.6666666666666667,0.0
2022-04-24,309.0,inert,97452.0,6743.0,0.0,7.0,27.0,34.0,22.0,9.0,1.0,0,0,0,0,1,0,0,0,1,0,0,0,0,1,0,0,0,1,0,1,0,0,0,0,0,0,5,2,3,0.4,0,1,0.0,0.06919303862414317,0.06114722845730536,0.6666666666666667,0.0
2022-04-23,308.0,olive,95562.0,6482.0,1.0,6.0,25.0,34.0,23.0,10.0,1.0,0,0,0,0,1,0,0,0,1,0,0,1,0,0,1,0,0,0,0,0,0,1,0,0,0,0,5,3,2,0.6,3,1,0.0,0.06783030911868734,0.05967150956504083,1.0,0.0
2022-04-22,307.0,plant,119232.0,7731.0,2.0,19.0,39.0,28.0,10.0,3.0,0.0,1,0,0,0,0,0,0,0,0,0,0,1,0,1,0,1,0,0,0,1,0,0,0,0,0,0,5,1,4,0.2,0,1,0.0,0.06483997584541062,0.05643323572722177,0.33333333333333337,0.0
2022-04-21,306.0,oxide,97955.0,6960.0,0.0,2.0,11.0,30.0,33.0,21.0,4.0,0,0,0,1,1,0,0,0,1,0,0,0,0,0,1,0,0,0,0,0,0,0,0,1,0,0,5,3,2,0.6,3,1,0.0,0.07105303455668419,0.0631614441370839,1.0,0.0
2022-04-20,305.0,cargo,102007.0,6796.0,0.0,5.0,20.0,34.0,27.0,12.0,2.0,1,0,1,0,0,0,1,0,0,0,0,0,0,0,1,0,0,1,0,0,0,0,0,0,0,0,5,2,3,0.4,2,1,0.0,0.06662287882204163,0.05836396636390008,0.6666666666666667,0.0
2022-04-19,304.0,foyer,108899.0,8198.0,0.0,2.0,10.0,19.0,19.0,23.0,26.0,0,0,0,0,1,1,0,0,0,0,0,0,0,0,1,0,0,1,0,0,0,0,0,0,1,0,5,2,3,0.4,1,1,0.0,0.07528076474531446,0.06773971244769184,0.6666666666666667,0.0
2022-04-18,303.0,flair,112383.0,7341.0,1.0,8.0,30.0,36.0,18.0,6.0,1.0,1,0,0,0,0,1,0,0,1,0,0,1,0,0,0,0,0,1,0,0,0,0,0,0,0,0,5,2,3,0.4,0,1,0.0,0.06532126745148288,0.056954433157031276,0.6666666666666667,0.0
2022-04-17,302.0,ample,106681.0,7008.0,0.0,4.0,20.0,35.0,27.0,11.0,2.0,1,0,0,0,1,0,0,0,0,0,0,1,1,0,0,1,0,0,0,0,0,0,0,0,0,0,5,2,3,0.4,0,1,0.0,0.0656911727486619,0.057355008790867884,0.6666666666666667,0.0
2022-04-16,301.0,cheek,107987.0,7035.0,0.0,3.0,19.0,40.0,28.0,9.0,1.0,0,0,1,0,2,0,0,1,0,0,1,0,0,0,0,0,0,0,0,0,0,0,0,0,0,0,5,2,3,0.4,0,2,0.0,0.06514673062498264,0.05676542477992408,0.6666666666666667,0.5
2022-04-15,300.0,shame,129991.0,8522.0,1.0,11.0,22.0,25.0,21.0,15.0,5.0,1,0,0,0,1,0,0,1,0,0,0,0,1,0,0,0,0,0,1,0,0,0,0,0,0,0,5,2,3,0.4,0,1,0.0,0.06555838481125617,0.05721121087124412,0.6666666666666667,0.0
2022-04-14,299.0,mince,113448.0,7356.0,0.0,6.0,24.0,35.0,24.0,10.0,1.0,0,0,1,0,1,0,0,0,1,0,0,0,1,1,0,0,0,0,0,0,0,0,0,0,0,0,5,2,3,0.4,2,1,0.0,0.06484027924687963,0.05643356428492742,0.6666666666666667,0.0
2022-04-13,298.0,chunk,123255.0,7835.0,1.0,4.0,29.0,42.0,18.0,5.0,1.0,0,0,1,0,0,0,0,1,0,0,1,0,0,1,0,0,0,0,0,0,1,0,0,0,0,0,5,1,4,0.2,0,1,0.0,0.06356740091679851,0.05505514649054165,0.33333333333333337,0.0
2022-04-12,297.0,royal,114907.0,7275.0,1.0,5.0,24.0,36.0,23.0,9.0,1.0,1,0,0,0,0,0,0,0,0,0,0,1,0,0,1,0,0,1,0,0,0,0,0,0,1,0,5,2,3,0.4,1,1,0.0,0.06331206976076305,0.05477864480092773,0.6666666666666667,0.0
2022-04-11,296.0,squad,109828.0,7236.0,0.0,3.0,20.0,33.0,27.0,14.0,2.0,1,0,0,1,0,0,0,0,0,0,0,0,0,0,0,0,1,0,1,0,1,0,0,0,0,0,5,2,3,0.4,0,1,0.0,0.06588483811050005,0.057564731727149515,0.6666666666666667,0.0
2022-04-10,295.0,black,126241.0,7894.0,1.0,10.0,31.0,34.0,18.0,6.0,1.0,1,1,1,0,0,0,0,0,0,0,1,1,0,0,0,0,0,0,0,0,0,0,0,0,0,0,5,1,4,0.2,0,1,0.0,0.06253119034228183,0.053933019527665715,0.33333333333333337,0.0
2022-04-09,294.0,stair,134210.0,8537.0,2.0,21.0,36.0,26.0,11.0,4.0,1.0,1,0,0,0,0,0,0,0,1,0,0,0,0,0,0,0,0,1,1,1,0,0,0,0,0,0,5,2,3,0.4,0,1,0.0,0.06360926905595708,0.0551004860855918,0.6666666666666667,0.0
2022-04-08,293.0,scare,141158.0,9010.0,1.0,12.0,23.0,26.0,21.0,13.0,4.0,1,0,1,0,1,0,0,0,0,0,0,0,0,0,0,0,0,1,1,0,0,0,0,0,0,0,5,2,3,0.4,0,1,0.0,0.06382918431828165,0.05533863540723662,0.6666666666666667,0.0
2022-04-07,292.0,foray,117761.0,7575.0,0.0,2.0,14.0,31.0,31.0,19.0,4.0,1,0,0,0,0,1,0,0,0,0,0,0,0,0,1,0,0,1,0,0,0,0,0,0,1,0,5,2,3,0.4,1,1,0.0,0.06432520104279006,0.05587577887430449,0.6666666666666667,0.0
2022-04-06,291.0,comma,117856.0,7560.0,0.0,2.0,13.0,33.0,33.0,17.0,3.0,1,0,1,0,0,0,0,0,0,0,0,0,2,0,1,0,0,0,0,0,0,0,0,0,0,0,5,2,3,0.4,2,2,0.0,0.0641460765680152,0.0556818024685439,0.6666666666666667,0.5
2022-04-05,290.0,natal,121356.0,7702.0,0.0,2.0,14.0,32.0,32.0,17.0,3.0,2,0,0,0,0,0,0,0,0,0,0,1,0,1,0,0,0,0,0,1,0,0,0,0,0,0,5,2,3,0.4,1,2,0.0,0.06346616566135997,0.054945517412712364,0.6666666666666667,0.5
2022-04-04,289.0,shawl,129651.0,7943.0,0.0,3.0,16.0,31.0,30.0,16.0,3.0,1,0,0,0,0,0,0,1,0,0,0,1,0,0,0,0,0,0,1,0,0,0,1,0,0,0,5,1,4,0.2,0,1,0.0,0.06126447154283422,0.052561271975383725,0.33333333333333337,0.0
2022-04-03,288.0,fewer,124532.0,7931.0,0.0,2.0,10.0,24.0,32.0,26.0,6.0,0,0,0,0,2,1,0,0,0,0,0,0,0,0,0,0,0,1,0,0,0,0,1,0,0,0,5,2,3,0.4,1,2,0.0,0.063686442038994,0.05518405779119004,0.6666666666666667,0.5
2022-04-02,287.0,trope,155079.0,9315.0,1.0,16.0,33.0,28.0,15.0,6.0,1.0,0,0,0,0,1,0,0,0,0,0,0,0,0,0,1,1,0,1,0,1,0,0,0,0,0,0,5,2,3,0.4,0,1,0.0,0.060066159828216587,0.051263603414599415,0.6666666666666667,0.0
2022-04-01,286.0,snout,144648.0,8913.0,1.0,4.0,19.0,27.0,26.0,18.0,5.0,0,0,0,0,0,0,0,0,0,0,0,0,0,1,1,0,0,0,1,1,1,0,0,0,0,0,5,2,3,0.4,0,1,0.0,0.061618549858967975,0.052944708349490124,0.6666666666666667,0.0
2022-03-31,285.0,lowly,135219.0,8469.0,0.0,2.0,9.0,26.0,32.0,24.0,8.0,0,0,0,0,0,0,0,0,0,0,0,2,0,0,1,0,0,0,0,0,0,0,1,0,1,0,5,1,4,0.2,0,2,0.0,0.06263173074789785,0.05404189614287769,0.33333333333333337,0.5
2022-03-30,284.0,stove,158139.0,9318.0,0.0,5.0,16.0,24.0,27.0,21.0,6.0,0,0,0,0,1,0,0,0,0,0,0,0,0,0,1,0,0,0,1,1,0,1,0,0,0,0,5,2,3,0.4,0,1,0.0,0.05892284635668621,0.05002549322254515,0.6666666666666667,0.0
2022-03-29,283.0,shall,149070.0,8494.0,0.0,3.0,17.0,30.0,28.0,17.0,4.0,1,0,0,0,0,0,0,1,0,0,0,2,0,0,0,0,0,0,1,0,0,0,0,0,0,0,5,1,4,0.2,0,2,0.0,0.05697994230898236,0.0479214951821602,0.33333333333333337,0.5
2022-03-28,282.0,found,173696.0,10613.0,1.0,6.0,17.0,22.0,20.0,21.0,14.0,0,0,0,1,0,1,0,0,0,0,0,0,0,1,1,0,0,0,0,0,1,0,0,0,0,0,5,2,3,0.4,0,1,0.0,0.06110100405305822,0.05238425073825066,0.6666666666666667,0.0
2022-03-27,281.0,nymph,165468.0,9935.0,1.0,2.0,18.0,44.0,26.0,26.0,9.0,0,0,0,0,0,0,0,1,0,0,0,0,1,1,0,1,0,0,0,0,0,0,0,0,1,0,5,0,5,0.0,0,1,0.0,0.0600418207750139,0.051237246312557355,0.0,0.0
2022-03-26,280.0,epoxy,149507.0,9376.0,0.0,2.0,13.0,31.0,33.0,18.0,3.0,0,0,0,0,1,0,0,0,0,0,0,0,0,0,1,1,0,0,0,0,0,0,0,1,1,0,5,2,3,0.4,0,1,0.0,0.06271278267907188,0.05412966841581164,0.6666666666666667,0.0
2022-03-25,279.0,depot,150197.0,8562.0,0.0,5.0,29.0,36.0,20.0,7.0,1.0,0,0,0,1,1,0,0,0,0,0,0,0,0,0,1,1,0,0,0,1,0,0,0,0,0,0,5,2,3,0.4,1,1,0.0,0.05700513325832074,0.04794877481447453,0.6666666666666667,0.0
2022-03-24,278.0,chest,169066.0,9318.0,1.0,14.0,35.0,31.0,14.0,5.0,1.0,0,0,1,0,1,0,0,1,0,0,0,0,0,0,0,0,0,0,1,1,0,0,0,0,0,0,5,1,4,0.2,0,1,0.0,0.05511457064105142,0.04590145804313905,0.33333333333333337,0.0
2022-03-23,277.0,purge,156785.0,8555.0,1.0,4.0,22.0,35.0,26.0,11.0,2.0,0,0,0,0,1,0,1,0,0,0,0,0,0,0,0,1,0,1,0,0,1,0,0,0,0,0,5,2,3,0.4,2,1,0.0,0.054565168861817136,0.0453065031516409,0.6666666666666667,0.0
2022-03-22,276.0,slosh,160161.0,8807.0,0.0,2.0,19.0,36.0,27.0,13.0,2.0,0,0,0,0,0,0,0,1,0,0,0,1,0,0,1,0,0,0,2,0,0,0,0,0,0,0,5,1,4,0.2,0,2,0.0,0.05498841790448361,0.045764845475554164,0.33333333333333337,0.5
2022-03-21,275.0,their,173636.0,9200.0,2.0,14.0,36.0,30.0,13.0,4.0,0.0,0,0,0,0,1,0,0,1,1,0,0,0,0,0,0,0,0,1,0,1,0,0,0,0,0,0,5,2,3,0.4,0,1,0.0,0.052984404155820224,0.043594670883002715,0.6666666666666667,0.0
2022-03-20,274.0,renew,154987.0,8417.0,0.0,4.0,20.0,33.0,27.0,13.0,2.0,0,0,0,0,2,0,0,0,0,0,0,0,0,1,0,0,0,1,0,0,0,0,1,0,0,0,5,2,3,0.4,1,2,0.0,0.05430778065257086,0.045027773850257045,0.6666666666666667,0.5
2022-03-19,273.0,allow,156311.0,8515.0,0.0,5.0,21.0,32.0,26.0,14.0,3.0,1,0,0,0,0,0,0,0,0,0,0,2,0,0,1,0,0,0,0,0,0,0,1,0,0,0,5,2,3,0.4,4,2,0.0,0.05447473306421173,0.04520856895814983,0.6666666666666667,0.5
2022-03-18,272.0,saute,179830.0,9304.0,1.0,8.0,31.0,34.0,19.0,6.0,1.0,1,0,0,0,1,0,0,0,0,0,0,0,0,0,0,0,0,0,1,1,1,0,0,0,0,0,5,3,2,0.6,0,1,0.0,0.051737752321637104,0.0422446541288231,1.0,0.0
2022-03-17,271.0,movie,169071.0,8847.0,1.0,5.0,18.0,30.0,26.0,16.0,3.0,0,0,0,0,1,0,0,0,1,0,0,0,1,0,1,0,0,0,0,0,0,1,0,0,0,0,5,3,2,0.6,0,1,0.0,0.05232712883936334,0.04288289822523662,1.0,0.0
2022-03-16,270.0,cater,217856.0,11234.0,1.0,7.0,19.0,22.0,19.0,18.0,15.0,1,0,1,0,1,0,0,0,0,0,0,0,0,0,0,0,0,1,0,1,0,0,0,0,0,0,5,2,3,0.4,1,1,0.0,0.05156617215041128,0.04205884755517646,0.6666666666666667,0.0
2022-03-15,269.0,tease,202855.0,10024.0,1.0,16.0,32.0,30.0,16.0,6.0,1.0,1,0,0,0,2,0,0,0,0,0,0,0,0,0,0,0,0,0,1,1,0,0,0,0,0,0,5,3,2,0.6,0,2,0.0,0.0494146064923221,0.03972888693065198,1.0,0.5
2022-03-14,268.0,smelt,185406.0,9373.0,0.0,5.0,19.0,33.0,28.0,13.0,2.0,0,0,0,0,1,0,0,0,0,0,0,1,1,0,0,0,0,0,1,1,0,0,0,0,0,0,5,1,4,0.2,0,1,0.0,0.05055391950638059,0.04096266497120785,0.33333333333333337,0.0
2022-03-13,267.0,focus,179436.0,8937.0,1.0,4.0,23.0,36.0,24.0,10.0,1.0,0,0,1,0,0,1,0,0,0,0,0,0,0,0,1,0,0,0,1,0,1,0,0,0,0,0,5,2,3,0.4,1,1,0.0,0.0498060589848191,0.040152796324474514,0.6666666666666667,0.0
2022-03-12,266.0,today,192049.0,9353.0,1.0,7.0,29.0,35.0,20.0,7.0,1.0,1,0,0,1,0,0,0,0,0,0,0,0,0,0,1,0,0,0,0,1,0,0,0,0,1,0,5,2,3,0.4,1,1,0.0,0.04870111273685362,0.03895623453687745,0.6666666666666667,0.0
2022-03-11,265.0,watch,226349.0,12400.0,1.0,6.0,14.0,18.0,17.0,24.0,20.0,1,0,1,0,0,0,0,1,0,0,0,0,0,0,0,0,0,0,0,1,0,0,1,0,0,0,5,1,4,0.2,0,1,0.0,0.054782658637767344,0.0455420258800761,0.33333333333333337,0.0
2022-03-10,264.0,lapse,208884.0,9960.0,0.0,8.0,31.0,34.0,19.0,7.0,1.0,1,0,0,0,1,0,0,0,0,0,0,1,0,0,0,1,0,0,1,0,0,0,0,0,0,0,5,2,3,0.4,2,1,0.0,0.04768196702476015,0.03785258735283585,0.6666666666666667,0.0
2022-03-09,263.0,month,201799.0,9435.0,1.0,5.0,26.0,37.0,22.0,8.0,1.0,0,0,0,0,0,0,0,1,0,0,0,0,1,1,1,0,0,0,0,1,0,0,0,0,0,0,5,1,4,0.2,0,1,0.0,0.04675444377821496,0.03684815942164239,0.33333333333333337,0.0
2022-03-08,262.0,sweet,207473.0,9767.0,1.0,5.0,18.0,31.0,28.0,15.0,2.0,0,0,0,0,2,0,0,0,0,0,0,0,0,0,0,0,0,0,1,1,0,0,1,0,0,0,5,2,3,0.4,0,2,0.0,0.0470760050705393,0.03719638265464952,0.6666666666666667,0.5
2022-03-07,261.0,hoard,218595.0,9823.0,1.0,9.0,30.0,34.0,19.0,7.0,1.0,1,0,0,1,0,0,0,1,0,0,0,0,0,0,1,0,0,1,0,0,0,0,0,0,0,0,5,2,3,0.4,0,1,0.0,0.04493698392003477,0.034880006653311604,0.6666666666666667,0.0
2022-03-06,260.0,cloth,218595.0,9911.0,1.0,8.0,33.0,34.0,17.0,7.0,1.0,0,0,1,0,0,0,0,1,0,0,0,1,0,0,1,0,0,0,0,1,0,0,0,0,0,0,5,1,4,0.2,0,1,0.0,0.04533955488460395,0.03531595639646564,0.33333333333333337,0.0
2022-03-05,259.0,brine,229895.0,10405.0,1.0,9.0,25.0,29.0,22.0,12.0,3.0,0,1,0,0,1,0,0,0,1,0,0,0,0,1,0,0,0,1,0,0,0,0,0,0,0,0,5,2,3,0.4,0,1,0.0,0.04525979251397377,0.0352295806067293,0.6666666666666667,0.0
2022-03-04,258.0,ahead,203730.0,9396.0,1.0,5.0,20.0,35.0,26.0,12.0,2.0,2,0,0,1,1,0,0,1,0,0,0,0,0,0,0,0,0,0,0,0,0,0,0,0,0,0,5,3,2,0.6,0,2,0.0,0.0461198645265793,0.03616096465075894,1.0,0.5
2022-03-03,257.0,mourn,240018.0,10465.0,1.0,8.0,29.0,34.0,19.0,8.0,1.0,0,0,0,0,0,0,0,0,0,0,0,0,1,1,1,0,0,1,0,0,1,0,0,0,0,0,5,2,3,0.4,0,1,0.0,0.04360089659942171,0.0334331389566411,0.6666666666666667,0.0
2022-03-02,256.0,nasty,255272.25,10813.0,1.0,7.0,26.0,31.0,21.0,11.0,2.0,1,0,0,0,0,0,0,0,0,0,0,0,0,1,0,0,0,0,1,1,0,0,0,0,1,0,5,1,4,0.2,0,1,0.0,0.042358697429900824,0.03208794405546802,0.33333333333333337,0.0
2022-03-01,255.0,rupee,240137.0,10577.0,1.0,2.0,17.0,35.0,30.0,13.0,2.0,0,0,0,0,2,0,0,0,0,0,0,0,0,0,0,1,0,1,0,0,1,0,0,0,0,0,5,3,2,0.6,0,2,0.0,0.044045690584957754,0.03391481260133233,1.0,0.5
2022-02-28,254.0,choke,251094.0,10521.0,1.0,8.0,30.0,36.0,18.0,6.0,1.0,0,0,1,0,1,0,0,1,0,0,1,0,0,0,1,0,0,0,0,0,0,0,0,0,0,0,5,2,3,0.4,0,1,0.0,0.04190064278716337,0.03159191025912702,0.6666666666666667,0.0
2022-02-27,253.0,chant,250413.0,10438.0,1.0,9.0,33.0,33.0,16.0,7.0,1.0,1,0,1,0,0,0,0,1,0,0,0,0,0,1,0,0,0,0,0,1,0,0,0,0,0,0,5,1,4,0.2,0,1,0.0,0.04168313945362261,0.03135637284898689,0.33333333333333337,0.0
2022-02-26,252.0,spill,248363.0,10087.0,1.0,5.0,26.0,34.0,22.0,10.0,2.0,0,0,0,0,0,0,0,0,1,0,0,2,0,0,0,1,0,0,1,0,0,0,0,0,0,0,5,1,4,0.2,0,2,0.0,0.040613940079641496,0.030198521852538712,0.33333333333333337,0.5
2022-02-25,251.0,vivid,255272.25,11687.0,1.0,2.0,10.0,29.0,33.0,21.0,4.0,0,0,0,1,0,0,0,0,2,0,0,0,0,0,0,0,0,0,0,0,0,2,0,0,0,0,5,2,3,0.4,1,2,0.0,0.045782493005017195,0.03579562029878889,0.6666666666666667,0.5
2022-02-24,250.0,bloke,250674.0,10405.0,1.0,6.0,21.0,32.0,25.0,12.0,2.0,0,1,0,0,1,0,0,0,0,0,1,1,0,0,1,0,0,0,0,0,0,0,0,0,0,0,5,2,3,0.4,0,1,0.0,0.04150809417809585,0.031166813865298425,0.6666666666666667,0.0
2022-02-23,249.0,trove,255272.25,11411.0,1.0,5.0,16.0,24.0,25.0,22.0,8.0,0,0,0,0,1,0,0,0,0,0,0,0,0,0,1,0,0,1,0,1,0,1,0,0,0,0,5,2,3,0.4,0,1,0.0,0.044701294402348865,0.03462477516931914,0.6666666666666667,0.0
2022-02-22,248.0,thorn,255272.25,11814.0,1.0,14.0,38.0,30.0,12.0,4.0,0.0,0,0,0,0,0,0,0,1,0,0,0,0,0,1,1,0,0,1,0,1,0,0,0,0,0,0,5,1,4,0.2,0,1,0.0,0.04628000105769429,0.03633437874604489,0.33333333333333337,0.0
2022-02-21,247.0,other,255272.25,10887.0,1.0,9.0,26.0,30.0,21.0,10.0,2.0,0,0,0,0,1,0,0,1,0,0,0,0,0,0,1,0,0,1,0,1,0,0,0,0,0,0,5,2,3,0.4,4,1,0.0,0.04264858401177566,0.03240186630032584,0.6666666666666667,0.0
2022-02-20,246.0,tacit,255272.25,11094.0,1.0,4.0,21.0,32.0,26.0,14.0,3.0,1,0,1,0,0,0,0,0,1,0,0,0,0,0,0,0,0,0,0,2,0,0,0,0,0,0,5,2,3,0.4,1,2,0.0,0.043459482963776906,0.03328000014742816,0.6666666666666667,0.5
2022-02-19,245.0,swill,255272.25,11241.0,1.0,1.0,8.0,19.0,31.0,30.0,10.0,0,0,0,0,0,0,0,0,1,0,0,2,0,0,0,0,0,0,1,0,0,0,1,0,0,0,5,1,4,0.2,0,2,0.0,0.04403533874128504,0.03390360244464574,0.33333333333333337,0.5
2022-02-18,244.0,dodge,255272.25,10220.0,1.0,3.0,15.0,29.0,27.0,19.0,7.0,0,0,0,2,1,0,1,0,0,0,0,0,0,0,1,0,0,0,0,0,0,0,0,0,0,0,5,2,3,0.4,2,2,0.0,0.040035687388660535,0.029572323904107287,0.6666666666666667,0.5
2022-02-17,243.0,shake,255272.25,12767.0,1.0,6.0,16.0,23.0,24.0,21.0,9.0,1,0,0,0,1,0,0,1,0,0,1,0,0,0,0,0,0,0,1,0,0,0,0,0,0,0,5,2,3,0.4,0,1,0.0,0.050013270145893254,0.04037718819671398,0.6666666666666667,0.0
2022-02-16,242.0,caulk,255272.25,10740.0,1.0,4.0,20.0,31.0,26.0,15.0,3.0,1,0,1,0,0,0,0,0,0,0,1,1,0,0,0,0,0,0,0,0,1,0,0,0,0,0,5,2,3,0.4,0,1,0.0,0.04207272823426753,0.031778264003108264,0.6666666666666667,0.0
2022-02-15,241.0,aroma,255272.25,10343.0,1.0,6.0,25.0,33.0,22.0,11.0,2.0,2,0,0,0,0,0,0,0,0,0,0,0,1,0,1,0,0,1,0,0,0,0,0,0,0,0,5,3,2,0.6,3,2,0.0,0.04051752589637142,0.030094113581370978,1.0,0.5
2022-02-14,240.0,cynic,255272.25,10343.0,1.0,6.0,25.0,33.0,22.0,11.0,2.0,0,0,2,0,0,0,0,0,1,0,0,0,0,1,0,0,0,0,0,0,0,0,0,0,1,0,5,1,4,0.2,0,2,0.0,0.04051752589637142,0.030094113581370978,0.33333333333333337,0.5
2022-02-13,239.0,robin,255272.25,3249.0,1.0,6.0,29.0,34.0,21.0,8.0,1.0,0,1,0,0,0,0,0,0,1,0,0,0,0,1,1,0,0,1,0,0,0,0,0,0,0,0,5,2,3,0.4,1,1,0.0,0.012727587898802161,0.0,0.6666666666666667,0.0
2022-02-12,238.0,ultra,255272.25,9310.0,1.0,7.0,23.0,34.0,24.0,10.0,1.0,1,0,0,0,0,0,0,0,0,0,0,1,0,0,0,0,0,1,0,1,1,0,0,0,0,0,5,2,3,0.4,0,1,0.0,0.0364708659088483,0.025711928730855586,0.6666666666666667,0.0
2022-02-11,237.0,ulcer,255272.25,10631.0,1.0,4.0,18.0,30.0,28.0,16.0,3.0,0,0,1,0,1,0,0,0,0,0,0,1,0,0,0,0,0,1,0,0,1,0,0,0,0,0,5,2,3,0.4,4,1,0.0,0.04164573313393837,0.03131586502081767,0.6666666666666667,0.0
2022-02-10,236.0,pause,255272.25,13238.5,1.0,8.0,26.0,32.0,21.0,10.0,2.0,1,0,0,0,1,0,0,0,0,0,0,0,0,0,0,1,0,0,1,0,1,0,0,0,0,0,5,3,2,0.6,0,1,0.0,0.05186031775878498,0.04237738195955814,1.0,0.0
2022-02-09,235.0,humor,255272.25,13238.5,1.0,5.0,22.0,34.0,25.0,11.0,2.0,0,0,0,0,0,0,0,1,0,0,0,0,1,0,1,0,0,1,0,0,1,0,0,0,0,0,5,2,3,0.4,1,1,0.0,0.05186031775878498,0.04237738195955814,0.6666666666666667,0.0
2022-02-08,234.0,frame,255272.25,13238.5,1.0,10.0,20.0,24.0,24.0,17.0,3.0,1,0,0,0,1,1,0,0,0,0,0,0,1,0,0,0,0,1,0,0,0,0,0,0,0,0,5,2,3,0.4,0,1,0.0,0.05186031775878498,0.04237738195955814,0.6666666666666667,0.0
2022-02-07,233.0,elder,255272.25,13238.5,1.0,3.0,13.0,24.0,30.0,24.0,5.0,0,0,0,1,2,0,0,0,0,0,0,1,0,0,0,0,0,1,0,0,0,0,0,0,0,0,5,2,3,0.4,4,2,0.0,0.05186031775878498,0.04237738195955814,0.6666666666666667,0.5
2022-02-06,232.0,skill,255272.25,13238.5,1.0,3.0,17.0,33.0,27.0,16.0,3.0,0,0,0,0,0,0,0,0,1,0,1,2,0,0,0,0,0,0,1,0,0,0,0,0,0,0,5,1,4,0.2,0,2,0.0,0.05186031775878498,0.04237738195955814,0.33333333333333337,0.5
2022-02-05,231.0,aloft,255272.25,13238.5,1.0,4.0,22.0,36.0,25.0,11.0,2.0,1,0,0,0,0,1,0,0,0,0,0,1,0,0,1,0,0,0,0,1,0,0,0,0,0,0,5,2,3,0.4,0,1,0.0,0.05186031775878498,0.04237738195955814,0.6666666666666667,0.0
2022-02-04,230.0,pleat,255272.25,13238.5,1.0,10.0,28.0,31.0,19.0,9.0,2.0,1,0,0,0,1,0,0,0,0,0,0,1,0,0,0,1,0,0,0,1,0,0,0,0,0,0,5,2,3,0.4,0,1,0.0,0.05186031775878498,0.04237738195955814,0.6666666666666667,0.0
2022-02-03,229.0,shard,255272.25,13238.5,1.0,7.0,22.0,28.0,25.0,14.0,4.0,1,0,0,1,0,0,0,1,0,0,0,0,0,0,0,0,0,1,1,0,0,0,0,0,0,0,5,1,4,0.2,0,1,0.0,0.05186031775878498,0.04237738195955814,0.33333333333333337,0.0
2022-02-02,228.0,moist,255272.25,13238.5,3.0,13.0,32.0,29.0,16.0,7.0,1.0,0,0,0,0,0,0,0,0,1,0,0,0,1,0,1,0,0,0,1,1,0,0,0,0,0,0,5,2,3,0.4,0,1,0.0,0.05186031775878498,0.04237738195955814,0.6666666666666667,0.0
2022-02-01,227.0,those,255272.25,13238.5,1.0,13.0,34.0,30.0,15.0,6.0,1.0,0,0,0,0,1,0,0,1,0,0,0,0,0,0,1,0,0,0,1,1,0,0,0,0,0,0,5,2,3,0.4,0,1,0.0,0.05186031775878498,0.04237738195955814,0.6666666666666667,0.0
2022-01-31,226.0,light,255272.25,13238.5,1.0,10.0,25.0,27.0,19.0,12.0,5.0,0,0,0,0,0,0,1,1,1,0,0,1,0,0,0,0,0,0,0,1,0,0,0,0,0,0,5,1,4,0.2,0,1,0.0,0.05186031775878498,0.04237738195955814,0.33333333333333337,0.0
2022-01-30,225.0,wrung,255272.25,11524.0,0.0,2.0,18.0,39.0,27.0,12.0,2.0,0,0,0,0,0,0,1,0,0,0,0,0,0,1,0,0,0,1,0,0,1,0,1,0,0,0,5,1,4,0.2,0,1,0.0,0.04514395904764423,0.03510414292160204,0.33333333333333337,0.0
2022-01-29,224.0,could,255272.25,11592.0,1.0,7.0,29.0,35.0,20.0,8.0,1.0,0,0,1,1,0,0,0,0,0,0,0,1,0,0,1,0,0,0,0,0,1,0,0,0,0,0,5,2,3,0.4,0,1,0.0,0.04541034131206976,0.0353926120114714,0.6666666666666667,0.0
2022-01-28,223.0,perky,255272.25,11148.0,1.0,4.0,17.0,30.0,27.0,17.0,4.0,0,0,0,0,1,0,0,0,0,0,1,0,0,0,0,1,0,1,0,0,0,0,0,0,1,0,5,1,4,0.2,0,1,0.0,0.043671021820820714,0.03350907854232442,0.33333333333333337,0.0
2022-01-27,222.0,mount,255272.25,11451.0,1.0,9.0,29.0,33.0,19.0,7.0,1.0,0,0,0,0,0,0,0,0,0,0,0,0,1,1,1,0,0,0,0,1,1,0,0,0,0,0,5,2,3,0.4,0,1,0.0,0.04485798985201094,0.03479446286924229,0.6666666666666667,0.0
2022-01-26,221.0,whack,255272.25,10163.0,1.0,4.0,22.0,37.0,24.0,10.0,2.0,1,0,1,0,0,0,0,1,0,0,1,0,0,0,0,0,0,0,0,0,0,0,1,0,0,0,5,1,4,0.2,0,1,0.0,0.03981239637289208,0.0293305189317168,0.33333333333333337,0.0
2022-01-25,220.0,sugar,255272.25,8708.0,1.0,6.0,25.0,34.0,23.0,9.0,1.0,1,0,0,0,0,0,1,0,0,0,0,0,0,0,0,0,0,1,1,0,1,0,0,0,0,0,5,2,3,0.4,1,1,0.0,0.034112599391434045,0.023158128847012148,0.6666666666666667,0.0
2022-01-24,219.0,knoll,255272.25,8317.0,1.0,1.0,11.0,29.0,33.0,21.0,4.0,0,0,0,0,0,0,0,0,0,0,1,2,0,1,1,0,0,0,0,0,0,0,0,0,0,0,5,1,4,0.2,0,2,0.0,0.03258090137098725,0.021499431580263344,0.33333333333333337,0.5
2022-01-23,218.0,crimp,255272.25,7630.0,1.0,5.0,28.0,38.0,20.0,7.0,1.0,0,0,1,0,0,0,0,0,1,0,0,0,1,0,0,1,0,1,0,0,0,0,0,0,0,0,5,1,4,0.2,0,1,0.0,0.029889657023041086,0.018585045334083207,0.33333333333333337,0.0
2022-01-22,217.0,wince,241489.0,6850.0,1.0,3.0,17.0,33.0,29.0,15.0,3.0,0,0,1,0,1,0,0,0,1,0,0,0,0,1,0,0,0,0,0,0,0,0,1,0,0,0,5,2,3,0.4,2,1,0.0,0.02836568125256223,0.01693471060012088,0.6666666666666667,0.0
2022-01-21,216.0,prick,255272.25,7409.0,1.0,8.0,30.0,33.0,19.0,7.0,1.0,0,0,1,0,0,0,0,0,1,0,1,0,0,0,0,1,0,1,0,0,0,0,0,0,0,0,5,1,4,0.2,0,1,0.0,0.029023914663658112,0.017647520792007793,0.33333333333333337,0.0
2022-01-20,215.0,robot,243964.0,6589.0,1.0,8.0,29.0,34.0,20.0,8.0,1.0,0,1,0,0,0,0,0,0,0,0,0,0,0,0,2,0,0,1,0,1,0,0,0,0,0,0,5,2,3,0.4,1,2,0.0,0.027008083159810462,0.015464548586636075,0.6666666666666667,0.5
2022-01-19,214.0,point,255272.25,7094.0,1.0,16.0,37.0,28.0,12.0,4.0,1.0,0,0,0,0,0,0,0,0,1,0,0,0,0,1,1,1,0,0,0,1,0,0,0,0,0,0,5,2,3,0.4,0,1,0.0,0.02778993799756926,0.01631123015511297,0.6666666666666667,0.0
2022-01-18,213.0,proxy,220950.0,6206.0,1.0,2.0,11.0,24.0,31.0,26.0,6.0,0,0,0,0,0,0,0,0,0,0,0,0,0,0,1,1,0,1,0,0,0,0,0,1,1,0,5,1,4,0.2,0,1,0.0,0.028087802670287397,0.016633791986429097,0.33333333333333337,0.0
2022-01-17,212.0,shire,222197.0,5640.0,1.0,8.0,32.0,32.0,18.0,8.0,2.0,0,0,0,0,1,0,0,1,1,0,0,0,0,0,0,0,0,1,1,0,0,0,0,0,0,0,5,2,3,0.4,0,1,0.0,0.025382880956988617,0.013704594329498367,0.6666666666666667,0.0
2022-01-16,211.0,solar,209609.0,4955.0,1.0,9.0,32.0,32.0,18.0,7.0,1.0,1,0,0,0,0,0,0,0,0,0,0,1,0,0,1,0,0,1,1,0,0,0,0,0,0,0,5,2,3,0.4,1,1,0.0,0.023639252131349323,0.011816394221706435,0.6666666666666667,0.0
2022-01-15,210.0,panic,205880.0,4655.0,1.0,9.0,35.0,34.0,16.0,5.0,1.0,1,0,1,0,0,0,0,0,1,0,0,0,0,1,0,1,0,0,0,0,0,0,0,0,0,0,5,2,3,0.4,1,1,0.0,0.022610258402953175,0.01070208248270289,0.6666666666666667,0.0
2022-01-14,209.0,tangy,169484.0,3985.0,1.0,4.0,21.0,30.0,24.0,15.0,5.0,1,0,0,0,0,0,1,0,0,0,0,0,0,1,0,0,0,0,0,1,0,0,0,0,1,0,5,1,4,0.2,0,1,0.0,0.02351254395695169,0.011679180162706228,0.33333333333333337,0.0
2022-01-13,208.0,abbey,132726.0,3345.0,1.0,2.0,13.0,29.0,31.0,20.0,3.0,1,2,0,0,1,0,0,0,0,0,0,0,0,0,0,0,0,0,0,0,0,0,0,0,1,0,5,2,3,0.4,4,2,0.0,0.025202296460377017,0.013509036845615548,0.6666666666666667,0.5
2022-01-12,207.0,favor ,137586.0,3073.0,1.0,4.0,15.0,26.0,29.0,21.0,4.0,1,0,0,0,0,1,0,0,0,0,0,0,0,0,1,0,0,1,0,0,0,1,0,0,0,0,5,2,3,0.4,1,1,0.0,0.022335121305946826,0.010404132661854713,0.6666666666666667,0.0
2022-01-11,206.0,drink,153880.0,3017.0,1.0,9.0,35.0,34.0,16.0,5.0,1.0,0,0,0,1,0,0,0,0,1,0,1,0,0,1,0,0,0,1,0,0,0,0,0,0,0,0,5,1,4,0.2,0,1,0.0,0.019606186638939434,0.00744893104059724,0.33333333333333337,0.0
2022-01-10,205.0,query,107134.0,2242.0,1.0,4.0,16.0,30.0,30.0,17.0,2.0,0,0,0,0,1,0,0,0,0,0,0,0,0,0,0,0,1,1,0,0,1,0,0,0,1,0,5,2,3,0.4,0,1,0.0,0.02092706330389979,0.008879326904948446,0.6666666666666667,0.0
2022-01-09,204.0,gorge,91477.0,1913.0,1.0,3.0,13.0,27.0,30.0,22.0,4.0,0,0,0,0,1,0,2,0,0,0,0,0,0,0,1,0,0,1,0,0,0,0,0,0,0,0,5,2,3,0.4,2,2,0.0,0.020912360484056102,0.008863405015148582,0.6666666666666667,0.5
2022-01-08,203.0,crank,101503.0,1763.0,1.0,5.0,23.0,31.0,24.0,14.0,2.0,1,0,1,0,0,0,0,0,0,0,1,0,0,1,0,0,0,1,0,0,0,0,0,0,0,0,5,1,4,0.2,0,1,0.0,0.017368944760253392,0.005026190435272155,0.33333333333333337,0.0
2022-01-07,202.0,slump,80630.0,1362.0,1.0,3.0,23.0,39.0,24.0,9.0,1.0,0,0,0,0,0,0,0,0,0,0,0,1,1,0,0,1,0,0,1,0,1,0,0,0,0,0,5,1,4,0.2,0,1,0.0,0.01689197569142999,0.004509673941668329,0.33333333333333337,0.0
